Idtest,Id_pred,PredictedSalePrice,ActualPrice
6252,6252,12366.93343045446,12772.12
4684,4684,4999.867952829576,6177.69
1731,1731,7465.785721618391,6850.02
4742,4742,3911.6580279369373,3373.18
4521,4521,8286.249559446587,7314.85
6340,6340,7399.297054356604,6970.37
576,576,8950.980761697458,9561.19
5202,5202,9190.879347537877,9654.64
6363,6363,4312.333411243861,2847.78
439,439,4552.274807941634,3879.13
2750,2750,10508.0778041858,10540.36
7487,7487,11213.967865422077,11914.21
5272,5272,3792.3891902577598,4288.41
5653,5653,8730.855599770148,7599.63
3999,3999,7078.397809214832,6018.2
6033,6033,9595.595111994073,12560.93
582,582,6653.526947282837,6066.57
9930,9930,6855.847951858304,7797.05
7051,7051,6542.278131998784,6332.13
8158,8158,6692.748031631403,5161.36
9896,9896,6806.570537323947,6098.37
2249,2249,7694.6360146345105,5679.29
4640,4640,10918.902440682286,11329.63
9485,9485,3074.6129978331737,2790.0
4947,4947,9461.005179767148,8078.36
9920,9920,13052.7989431264,13498.02
1963,1963,5820.928067321132,5012.83
8243,8243,8042.278029582812,7627.47
6590,6590,2627.772984919022,2464.15
8847,8847,4345.705497507937,4293.92
321,321,6989.595856300031,8047.7
2678,2678,7752.480989912583,6169.26
4625,4625,7472.818449418526,8475.09
4949,4949,11861.779354188999,10044.52
8328,8328,7622.204552672047,8270.07
3337,3337,8963.532257501909,8490.93
5589,5589,7023.767922474537,6697.94
251,251,6280.076464184094,5452.33
3973,3973,11374.720747302345,12731.56
6630,6630,9298.743490301888,10290.09
5547,5547,5041.881720613688,4849.69
35,35,9712.87052783015,11251.36
8362,8362,6508.745372710109,8585.84
1513,1513,12142.134251429234,12285.24
9317,9317,3249.2023193655186,2912.35
39,39,3345.623474435648,1858.64
4819,4819,6270.256863963674,6130.93
3465,3465,8156.509601432364,10769.76
1760,1760,6373.165464694495,6796.79
2304,2304,7167.485463646706,7760.86
3723,3723,7937.058053321845,6389.33
8284,8284,4347.565812284069,4767.16
4993,4993,3362.3610940845683,4004.46
8127,8127,6044.344287373126,5141.0
3032,3032,6204.789762903703,7956.66
7938,7938,7704.365896547213,8353.09
3039,3039,8204.37418644788,8343.11
9655,9655,6017.694665049843,5195.9
2545,2545,2755.110867661191,2408.26
2592,2592,4559.570437502465,2631.93
1188,1188,6047.781303699245,5439.61
7966,7966,9298.34892379999,9718.84
6077,6077,4994.572647767491,4828.82
107,107,4734.240462206595,2462.72
1315,1315,4033.467903059558,3166.47
8187,8187,4528.792149074841,4768.88
2753,2753,12736.580489585758,11958.09
9753,9753,7974.7439548322,7037.56
6231,6231,6273.999550980283,6551.32
2876,2876,5498.329788331583,4672.29
5323,5323,8096.672898042831,8533.64
799,799,6326.903014231008,5822.15
3570,3570,5024.367037828371,7281.79
2894,2894,10389.35865926306,9637.25
2927,2927,7640.944561136479,7208.92
8178,8178,11839.67404436093,11071.79
971,971,2458.701440976409,1958.36
6687,6687,5333.357235007803,5863.26
8575,8575,6472.423984105,5310.39
2020,2020,8578.406201169419,10713.71
9054,9054,5768.437817720987,6351.71
952,952,3912.9248693753034,3195.0
5359,5359,8580.98870642396,7490.44
3857,3857,11863.246496625536,10896.45
5861,5861,12314.921337916632,11119.8
3145,3145,9720.151136970497,9885.1
3305,3305,4399.959686090937,4353.94
3006,3006,5451.1546336985775,6282.46
9001,9001,6089.75564401492,6470.38
7770,7770,7629.230622986564,7548.84
7438,7438,9328.020688229648,13030.92
7942,7942,3319.9952419983456,1000.0
9238,9238,9316.473401462252,9244.54
1056,1056,4511.700164725364,4097.57
3154,3154,8137.7921263175085,8534.54
3787,3787,5463.34816828405,5541.6
9189,9189,11440.499796764867,10017.07
7825,7825,8113.710348278808,6789.77
7539,7539,7719.988281745871,6930.85
7231,7231,12045.375771515653,13206.31
764,764,3889.3390332853887,1411.89
5019,5019,7792.073571647226,7940.49
4903,4903,9577.918340785021,9906.49
8093,8093,4783.273349486117,3370.84
6843,6843,7420.061946709349,7172.11
2165,2165,13135.857115307183,11183.46
1862,1862,6144.1884047894855,5923.33
7850,7850,11114.189727043093,12522.23
9123,9123,6376.129945818277,3488.14
2340,2340,4478.997419369232,7006.96
5527,5527,4794.5920240530395,3725.76
6743,6743,6846.732954567182,8020.6
4003,4003,8489.122270194755,6756.69
1123,1123,3746.6939689838327,3900.89
8709,8709,6465.567916521337,5460.5
4049,4049,9157.810840720893,8865.74
7640,7640,7349.659042620624,7330.51
765,765,5648.342894237547,6410.57
2344,2344,7545.2390351707,7023.11
4071,4071,6832.5088723057415,4065.0
7216,7216,8323.658899991016,8611.67
4216,4216,9948.503626963415,7981.91
7952,7952,11026.913792441308,14271.58
5970,5970,7046.074879299558,5249.9
3350,3350,7985.404367943818,9086.84
4695,4695,7936.963511676353,7678.45
3399,3399,5722.274403007643,4767.2
4081,4081,11059.136220306566,12788.13
9149,9149,6975.40057907952,7349.98
1224,1224,6095.1051276064245,4935.62
6292,6292,4205.69871144247,4124.14
3122,3122,7158.907205961004,6449.99
510,510,7047.794917946332,7014.74
5794,5794,7237.891646946198,5689.54
8181,8181,6860.282477808243,7295.55
9417,9417,2819.379891692195,3824.08
96,96,3698.243831173575,3280.74
6681,6681,3076.5537493742304,3694.77
1512,1512,11098.311291838763,11689.98
8791,8791,5966.985660696635,5062.31
119,119,7720.606787075114,7364.01
7791,7791,5759.97296433564,5295.95
6517,6517,5772.744921628502,6191.8
33,33,8547.469659618277,9565.19
7887,7887,9352.055331601587,6533.59
6830,6830,6130.667267840647,5843.76
5421,5421,3470.6057945815264,3953.87
1068,1068,7168.712055120326,7588.23
1347,1347,7801.184568672383,6933.64
4747,4747,7777.90685703489,6491.54
6005,6005,5809.5458435047185,5179.66
6039,6039,13042.76429084671,11891.74
3817,3817,3847.2556035055313,2944.06
8446,8446,7063.526416583103,7058.73
5269,5269,7216.929804943502,7426.9
6897,6897,6957.488496256818,8032.2
5309,5309,8540.493629312725,9140.48
31,31,11961.206509094685,11362.28
5674,5674,9643.301635778276,9631.69
4386,4386,7202.409943476901,8793.51
29,29,4254.198213417432,5047.31
4202,4202,2825.621885800443,2297.31
7507,7507,5394.42532354506,5870.03
735,735,3382.4435310633853,5553.0
2067,2067,5754.102734020271,4125.06
106,106,7000.660216520424,7472.53
9644,9644,6321.369270686351,7187.15
8894,8894,6142.967234670592,3338.86
8020,8020,13185.040466818435,12898.23
2232,2232,8426.679717054882,12689.55
993,993,7966.428796459921,7412.2
9412,9412,5267.296101783344,5840.15
7058,7058,10913.9883904343,10585.79
6789,6789,7795.042867135722,6559.56
360,360,6693.664380482631,5823.76
304,304,7532.745149448223,6599.46
2627,2627,8056.595905507973,9529.44
8965,8965,11076.238611001812,13312.85
4513,4513,5245.9015076310025,4327.01
5910,5910,5699.925032836909,4624.84
8313,8313,11336.117647517764,10555.61
3100,3100,7515.673652084835,8894.87
5703,5703,7636.504844000679,6659.21
3898,3898,11748.301970629254,10108.77
5440,5440,4364.383868697856,1446.44
7930,7930,11232.677677635744,11462.67
621,621,6348.018740667787,8114.07
7235,7235,7564.194792775437,8344.99
2498,2498,3440.414435157494,3623.15
713,713,7367.123891591909,7056.08
8403,8403,5433.0385010176105,4655.68
2855,2855,7115.037088342477,8464.1
4269,4269,6866.911818239954,6533.41
2908,2908,7056.350309758622,10125.89
8080,8080,13753.50485308154,14975.53
4516,4516,8706.137713852047,7417.71
1261,1261,4092.6263758204295,3636.95
3160,3160,10245.211217430187,10828.11
970,970,4298.94038149307,4485.33
3912,3912,6971.574998583645,7447.41
5198,5198,7138.786494156986,7542.87
8846,8846,7063.539549002482,5994.19
259,259,6540.309766336635,7100.61
3790,3790,10289.782910173177,7918.73
9202,9202,10912.102819187334,11742.42
487,487,4020.3413296602084,4084.48
7907,7907,6565.631783344084,6246.8
518,518,3480.313950640033,4021.44
8342,8342,9577.013460831484,8372.52
311,311,5749.769006406248,5627.02
3231,3231,7666.761916055111,7767.67
7932,7932,7929.963421840337,9035.31
7457,7457,5610.694241813559,5095.04
9783,9783,14451.14509175485,15632.09
5183,5183,6990.413372643583,10364.64
8076,8076,10847.280796262494,11171.51
6501,6501,7739.288982215163,6996.33
6790,6790,5710.087050022499,8179.71
7772,7772,8520.494755967811,9518.82
2737,2737,7987.409704359947,6710.88
7841,7841,4299.80744126963,5069.33
6261,6261,6894.438212556823,6209.54
8205,8205,5667.8395270156325,5827.86
1247,1247,5710.935759267304,6797.6
9335,9335,3239.4110034207697,2864.36
4194,4194,8201.631884518196,6400.54
8000,8000,10056.372314732696,8704.94
7377,7377,5690.281820190139,5817.05
3434,3434,6110.764366541407,5861.69
5381,5381,7276.127642008185,6105.28
958,958,8925.47612735245,7605.37
416,416,9783.501723859343,10100.01
5741,5741,4619.108306955488,3316.14
6727,6727,11145.390271183685,13301.6
4381,4381,4097.434017798048,3755.2
5196,5196,2758.4883379561943,1000.0
1112,1112,6052.674866961024,6469.21
2688,2688,8538.302067115204,7922.9
6472,6472,5319.923976529273,4017.65
8819,8819,5046.442872460873,6133.35
7807,7807,8421.314609005349,6493.25
3410,3410,12184.444800183177,12089.61
80,80,4895.915159503871,4597.91
4613,4613,4973.624886671256,7453.28
1373,1373,5511.13939845853,5342.13
1509,1509,6937.660616057401,6604.62
6442,6442,3830.277229651343,2399.54
3070,3070,11972.944782154926,12182.28
3015,3015,8198.715184241708,8919.18
4822,4822,5150.526633446629,3027.25
7821,7821,8827.355127288378,9030.97
92,92,6792.214424850303,6962.45
9420,9420,5845.044727822882,6048.83
6599,6599,9863.444184749445,9580.51
4442,4442,6386.587299486215,4578.71
7601,7601,8097.760895193205,5860.0
3834,3834,6835.629329107003,6023.19
9701,9701,7017.419295616564,7121.71
4321,4321,3716.391377951659,1654.58
3393,3393,3566.3499877700233,3011.47
4751,4751,4304.37499919656,3382.42
7228,7228,7168.001982672722,8011.77
9190,9190,6997.598518577986,10192.21
2360,2360,8557.366417392914,7872.14
1147,1147,3662.0408135753823,5292.28
5665,5665,13160.871728917467,14379.65
8074,8074,8246.286371676368,7798.09
4942,4942,6365.113483462774,6424.18
3662,3662,6290.955008060439,8725.8
1562,1562,9036.588415367121,10564.03
4112,4112,6883.856842047884,8409.16
9049,9049,11650.298378084088,11152.22
9275,9275,12969.977770054888,12597.77
8537,8537,7873.443888497131,5447.44
794,794,5123.928732938366,3348.39
5853,5853,6169.062266385008,4936.44
7618,7618,7536.28612630337,8492.47
1593,1593,4522.117759314773,3932.58
7417,7417,6560.131910610886,6072.5
5266,5266,7062.482226940687,6553.08
7146,7146,10872.360021674365,8319.81
88,88,6126.109419178276,7058.39
8694,8694,5777.801635866228,5910.65
9731,9731,5389.491752751346,5478.68
9445,9445,7907.344620791206,8321.32
6753,6753,5612.767621583946,5046.81
3501,3501,7173.066790485871,6906.61
2233,2233,8224.910897274443,7492.78
2802,2802,11202.386558453902,11498.79
4423,4423,5805.4073900933145,4626.75
5662,5662,5492.788738383679,5089.96
7169,7169,5690.867645627819,3018.16
8336,8336,13240.894426067127,11390.41
2147,2147,7029.176610600145,10091.19
7968,7968,4043.2841462420765,4657.62
6550,6550,12693.40112142195,13853.11
7642,7642,4180.485086817993,4355.25
6163,6163,7071.375018111081,8081.9
1494,1494,6760.439994034532,5135.82
7695,7695,8785.38316859689,9110.93
7093,7093,13771.883468774497,14147.61
1408,1408,2839.433523630025,4498.95
6690,6690,6556.76518815849,5738.55
3400,3400,9980.526702317526,8375.59
108,108,5505.852662857156,4981.61
5635,5635,8241.783550966298,12036.47
8481,8481,4792.958158096357,3420.39
6603,6603,8772.093896132777,7750.85
1090,1090,6607.299061759491,7270.53
5559,5559,7510.574824070849,10956.46
9411,9411,12756.166373759392,11300.95
8142,8142,7768.944262877107,6831.92
8663,8663,5946.6807781167445,5252.19
6595,6595,11886.809263599629,11526.89
623,623,7254.747371195117,6155.3
6870,6870,7840.155590346316,6348.91
4813,4813,8961.23955604696,9406.96
6552,6552,10061.438588845718,10279.1
7529,7529,9090.435841590224,9296.34
5795,5795,4156.837068714318,2701.01
7436,7436,5525.876490366354,4343.05
4217,4217,14079.219361174619,13680.96
5940,5940,12213.522914959176,10645.63
8500,8500,7889.981506717217,5910.72
6428,6428,3545.2124340378796,3689.33
6826,6826,7885.310454259685,6908.15
4130,4130,8926.098785289505,9429.73
7801,7801,8182.015408743755,7402.13
7753,7753,10048.664913847111,10401.27
4721,4721,8667.890067671367,9527.84
1650,1650,8314.575137528707,7885.69
4140,4140,7767.217043242359,8468.58
1617,1617,7593.061449273315,7049.31
2029,2029,2611.258507952327,1000.0
8517,8517,5195.283196999051,7017.79
4575,4575,3238.771340950683,2371.85
3992,3992,5596.473465689458,6787.27
7376,7376,9126.301187402918,10956.14
6149,6149,8079.096577983117,8080.17
4908,4908,11033.706553208292,10928.95
5026,5026,7929.139891239232,9518.85
8260,8260,8591.873528012307,8637.7
4731,4731,4711.581231924356,4434.12
7548,7548,3752.4467648537247,3766.65
8134,8134,10332.452611065877,11453.16
1606,1606,5843.753324042365,6459.71
4773,4773,9836.042328038835,10088.29
8109,8109,8627.918837226287,9081.46
6951,6951,3758.877791352221,4112.42
6004,6004,6743.070877628517,9636.05
7728,7728,5650.843793044216,5602.96
3541,3541,4736.894957803655,3206.7
388,388,5017.917729652021,3327.22
1794,1794,6668.381853194325,5472.46
8731,8731,9642.134972846427,8033.5
4919,4919,6868.861584916944,6217.12
5537,5537,8987.051444399869,8869.47
3872,3872,6494.315684199508,4893.02
8868,8868,8423.46966736106,9188.69
2254,2254,8193.063829935738,10384.17
3412,3412,8203.435956448084,7948.7
5459,5459,7243.4273024658905,7191.96
4955,4955,6992.415405874897,5488.03
7396,7396,7988.005989996367,6329.83
5414,5414,2890.8041856669006,4421.82
7399,7399,9136.236283167207,10860.05
7414,7414,8256.975437487185,8262.2
9100,9100,4609.114853127452,6202.01
4851,4851,8141.632003226259,8692.97
2025,2025,3519.800100130262,6025.17
2615,2615,13352.171259219991,14868.72
7388,7388,4140.125151211454,4523.35
2926,2926,7903.682143107639,7577.97
1121,1121,8659.408326770645,8139.58
2910,2910,3662.523312400619,2878.53
8146,8146,10522.18690871622,12104.17
7383,7383,6241.643370082835,6198.79
3482,3482,7680.328278648143,6761.21
795,795,2362.1897714532097,1000.0
1575,1575,6460.0360849517165,5347.66
6176,6176,9263.925670147932,11328.4
6266,6266,5231.022494025645,4558.63
2458,2458,11524.38927286223,9344.11
3312,3312,6255.395031207183,4909.06
1253,1253,8165.757702837931,9114.2
6834,6834,4600.98902047897,4261.42
8794,8794,5647.753586346749,6331.14
3837,3837,9101.681185505528,8377.09
4398,4398,8684.859426389623,8426.82
3595,3595,5385.096716520435,4495.98
6621,6621,6095.655400426476,6283.52
8382,8382,11390.300094211707,11958.04
2124,2124,5709.229053545278,6013.65
3238,3238,8958.234798031917,7738.19
5403,5403,5078.542408287991,5025.89
5998,5998,8660.71515176678,11058.79
5938,5938,5379.2224590126425,4416.4
2045,2045,6837.492405281169,6649.22
1578,1578,10097.597748035332,9996.66
14,14,10173.204048571002,9773.77
2673,2673,12138.141947413213,11598.03
7016,7016,7093.431759919622,6965.14
8720,8720,3828.3738526118686,3385.55
8849,8849,6355.139595060551,5626.88
4812,4812,7239.297103944817,8005.46
1084,1084,4023.69567993877,3358.04
4983,4983,8328.296057662868,9957.69
7155,7155,7796.977212597092,7589.1
2884,2884,5896.512980546977,7741.04
333,333,6059.287251023226,6973.21
7204,7204,10661.410922646639,13318.23
4367,4367,6613.857384309813,6199.44
3079,3079,4184.154691636446,2981.1
7203,7203,4832.7115091825835,4323.73
9909,9909,5209.868771096109,3925.3
8864,8864,9237.054117083899,9230.68
263,263,7212.307398332632,6146.92
4337,4337,7771.42393240548,5441.42
8895,8895,6054.198428559699,5003.96
8447,8447,6927.587473446212,4710.35
5903,5903,1614.2312559774728,1000.0
1498,1498,3710.6557629306335,4459.78
4190,4190,6159.641305069963,4889.1
7485,7485,8779.178842323774,8548.87
9643,9643,4889.787042297889,4380.87
8310,8310,6765.042840909271,5739.73
7590,7590,9495.237374988792,8852.97
500,500,7445.072736369504,6098.83
9155,9155,9315.455138445308,8677.56
9414,9414,4933.2665131451795,6529.71
3095,3095,9021.824618973129,7828.79
4631,4631,8626.890613538912,7681.85
367,367,5826.393767511647,3102.34
4058,4058,5236.82388484152,4727.89
8174,8174,3971.1490884282393,2779.2
4630,4630,7383.28666107764,6876.33
6070,6070,8224.601127253845,6981.33
2664,2664,6669.828751077468,6454.72
1026,1026,5532.89287539036,6242.26
5908,5908,6987.449089072528,8564.15
5050,5050,4179.46819103678,3182.55
6328,6328,9380.96408687468,12844.83
9733,9733,7447.036332547083,10412.89
1691,1691,8025.013409472129,7673.0
673,673,9616.978168179223,10046.75
5572,5572,13133.310796586913,13129.68
5766,5766,7797.335374321265,13113.19
5156,5156,9660.491707390931,13482.86
733,733,13086.853083969268,12586.52
3526,3526,2562.5861909479136,2191.9
568,568,7669.773157977092,8477.88
9187,9187,6886.506744476093,6413.09
2922,2922,5608.188591806742,4896.12
7911,7911,12053.97196098452,15318.11
1558,1558,4410.281254781585,4234.47
101,101,5682.796864905627,8391.33
3007,3007,9434.828720873222,8271.16
7201,7201,11737.75554483413,12801.72
303,303,6680.049449870188,6813.8
76,76,11391.566962576646,10490.67
6754,6754,6936.359260579455,7936.73
8629,8629,7487.122564697231,8778.28
1208,1208,2007.9568049636437,2984.55
7742,7742,4078.818471849954,3914.22
8214,8214,10718.732024331985,9412.2
8944,8944,8527.206292797637,7683.78
8413,8413,7149.836040151829,5886.67
1775,1775,4532.039498180267,2086.87
3473,3473,5814.106298270752,5297.41
483,483,7173.588779030193,7912.37
2189,2189,9886.428202520183,10912.47
346,346,7374.703185279563,6228.83
5481,5481,10652.911973970477,9608.42
8361,8361,6235.059647117567,7823.06
1472,1472,4440.047285476758,3764.71
5100,5100,10243.579335586168,10879.1
6765,6765,6352.119095569884,6130.08
8706,8706,8874.139108695264,7401.27
4929,4929,3210.902281215298,1000.0
6329,6329,6376.854859417945,5689.27
2609,2609,5177.675818426418,3923.74
3,3,5123.262644314498,6836.24
2213,2213,7810.306175285601,11779.19
4827,4827,7752.507906952582,5683.91
856,856,6847.614068323688,7666.25
6977,6977,6589.268329597486,6971.94
5885,5885,7613.799424586119,9821.73
624,624,5527.927776434401,6066.37
290,290,4761.066277834179,5700.81
2018,2018,10761.2543190078,10473.67
668,668,7187.087367628468,6671.08
8921,8921,9576.85530677205,9734.24
8264,8264,9136.343484630284,12484.76
9696,9696,5258.7387318790425,3718.56
1631,1631,5229.485396259872,4866.68
5170,5170,6025.6678012316115,6186.68
7205,7205,3753.1795026693726,3598.19
2522,2522,3503.3280152722728,5717.92
2215,2215,5127.904373918311,3769.63
6968,6968,8098.382706659788,7605.31
6496,6496,7113.5892632092,10607.53
6213,6213,9742.824244916788,8991.85
7032,7032,5770.040448848798,6744.96
7420,7420,8585.231527763011,8143.13
1107,1107,2310.639343567891,3691.43
450,450,10424.551507419732,11852.06
6289,6289,7172.1693821168155,6383.73
9966,9966,6893.692928988545,7534.81
135,135,4663.422558482911,4314.29
1785,1785,6806.24711707118,5981.61
3404,3404,11228.65966852114,9601.87
2906,2906,8010.5144357869285,8072.86
8304,8304,5117.421497372619,4645.11
7492,7492,6442.015254161903,5429.58
6100,6100,4875.539373107778,4174.01
4504,4504,9187.662373951578,8177.62
5053,5053,5837.1144237354165,4074.31
5205,5205,5516.889612198807,5411.61
4080,4080,4530.222560237802,3816.81
6918,6918,4926.476104338944,3825.36
6802,6802,4466.954172699654,3865.01
5206,5206,10142.86882854777,9235.67
532,532,6770.359150770353,6113.12
4830,4830,2871.506585139956,2977.78
4038,4038,3961.37073756021,4711.94
4084,4084,7184.696770227281,7655.0
3204,3204,5249.705930986209,4975.23
7110,7110,9827.956796255603,8904.83
330,330,10480.906220244826,9799.57
4957,4957,14747.22950351931,14951.55
3033,3033,5210.045724646014,4401.39
7684,7684,9239.57044279587,10116.14
1597,1597,7751.3555494066095,7219.15
9919,9919,3921.6355158099323,3771.63
3597,3597,2919.728879968403,4227.6
9038,9038,2890.428864330752,2424.46
8001,8001,7282.342377579596,6398.21
590,590,10295.223305729334,9480.17
647,647,4391.011118986469,4443.54
9102,9102,5590.814463483228,5376.58
8015,8015,5668.653219409112,4802.17
3771,3771,6088.858612466953,9239.24
9039,9039,6315.624640529451,5195.88
5082,5082,7124.281114392041,8065.01
7882,7882,5515.973754233739,6674.33
9362,9362,6324.113484591013,6320.33
4210,4210,6412.697509983496,4222.5
8834,8834,3752.4422707490157,5238.4
8699,8699,6908.821888250997,6867.65
1795,1795,5545.659751911648,7359.55
2586,2586,5212.2067221693,3843.96
8355,8355,8761.412996035011,8995.35
2316,2316,2814.9647788261063,1000.0
4185,4185,7202.201548903307,6332.49
8827,8827,4647.069793118862,5056.6
7072,7072,3155.6670215651393,1000.0
5234,5234,9237.679207761248,12508.62
8743,8743,6412.59276523476,7337.5
8670,8670,3368.562517968123,2039.13
4768,4768,8203.85193149664,7714.3
9972,9972,7540.402564178046,7742.82
7144,7144,8513.765859020757,11179.2
2913,2913,13470.339610557421,12587.68
9871,9871,8836.932528240548,8419.29
9893,9893,8357.733551794081,8624.75
2075,2075,6051.372269662679,6451.28
4302,4302,5094.154536530201,5758.99
5822,5822,4269.145027944178,2619.27
2149,2149,10218.141745207715,9190.32
144,144,9545.730971698591,9876.22
4963,4963,11437.819649922429,11100.23
8159,8159,7202.209196803509,7289.09
9030,9030,6314.51395108446,7186.13
4775,4775,7055.748808962409,7285.92
8933,8933,6697.522589969682,6155.67
7749,7749,5188.480876356887,4632.65
9828,9828,7297.328074835299,7492.03
9214,9214,5094.196901712392,3859.09
6060,6060,4751.332419629616,3179.54
9475,9475,8342.36160609132,7758.07
6409,6409,6844.8609646983095,5227.0
3317,3317,12014.739608028089,12643.87
7464,7464,7659.47724053188,7934.14
3061,3061,4851.880027097941,4518.96
1355,1355,6295.977968504245,5967.47
4514,4514,7611.772904102632,6935.49
5505,5505,6824.15798499994,6404.54
5250,5250,11975.35134255857,8719.97
4511,4511,5040.598368481034,3134.46
1730,1730,9252.456058747543,7888.47
1758,1758,7545.180159294163,9311.98
6650,6650,9640.4297064977,11875.37
6646,6646,8280.061441561207,8095.54
9860,9860,10064.15466786403,12189.58
4139,4139,8819.238675246714,7623.9
9393,9393,6773.563464539067,6321.26
5123,5123,7872.147948684462,6098.41
0,0,6824.253714612743,8587.64
1864,1864,1294.3279018180328,1000.0
543,543,7400.42932866409,10512.2
349,349,3242.5017336207093,3031.19
6906,6906,6467.458454474807,10471.69
9765,9765,6713.810100304079,6531.53
2523,2523,5244.564369366504,8405.65
3464,3464,9406.4211888258,7197.2
457,457,6743.837165995792,4832.14
3023,3023,5016.077456186933,4452.56
7261,7261,8688.494490241981,8225.3
9515,9515,4066.4996786028496,2047.2
7872,7872,9961.34777510399,9906.5
6625,6625,6521.69884048379,7152.81
2534,2534,9931.011367113446,11682.74
131,131,8593.556371425802,7340.05
3704,3704,5407.259911810339,4784.78
1372,1372,2455.4266540657263,2528.46
6200,6200,9344.199082173349,14117.03
4856,4856,10339.778311462142,9359.66
4712,4712,6767.562314727111,5365.9
5544,5544,14154.899958802329,13738.87
1413,1413,8315.410935549939,7214.65
4113,4113,12995.00398093072,16765.07
655,655,7188.199573698454,9143.69
8137,8137,6426.111320053926,6644.58
4098,4098,13810.508991494367,12762.35
592,592,5693.380665202392,5308.57
8708,8708,6422.84007876087,3982.2
3123,3123,7103.501470978255,7036.11
3047,3047,4291.027712902811,2440.06
3887,3887,8776.3705344302,7131.5
5735,5735,8274.453149518522,7231.2
2184,2184,7151.576832191669,7213.4
2145,2145,5383.148113836767,5489.95
7047,7047,6213.124836596195,5442.05
3105,3105,6969.558456723986,6283.2
9233,9233,5939.331311523507,6695.24
9096,9096,9383.4654582832,11182.34
2769,2769,4023.7661530807964,4175.7
5221,5221,11733.774712668383,12523.36
5833,5833,6626.875386057945,7449.72
1732,1732,6647.1464786059805,6221.95
265,265,5869.5311260774615,7783.0
5144,5144,10013.129397319455,8993.78
8267,8267,6063.711637034372,5376.03
3937,3937,5661.627149094595,4619.72
761,761,7334.476021846349,8538.79
7220,7220,7466.896814811043,7150.96
8439,8439,5925.155482711154,7562.05
3257,3257,3290.2691466975957,3467.94
4338,4338,9528.62423924054,12813.67
4362,4362,3403.255803468288,2496.62
316,316,3654.195314942277,3376.86
8069,8069,5592.275618588785,5200.47
1851,1851,5885.802757595433,5016.69
2484,2484,4504.638311624236,3689.27
9873,9873,5097.395821052836,3547.21
9574,9574,11357.594766726077,10334.75
1078,1078,7769.944468695729,6729.33
8358,8358,4556.586390952929,4671.3
7333,7333,5397.552973598242,2701.44
1071,1071,4912.084780744568,7799.36
103,103,11319.265899560764,10939.12
5748,5748,6306.873199390713,8609.96
1418,1418,10694.2096669749,8601.84
1658,1658,11872.104076675198,10364.6
5284,5284,6378.69538428908,5863.18
1149,1149,4537.283374760766,4848.87
7150,7150,7176.989836253866,6480.68
1568,1568,10940.588472276984,11637.31
1087,1087,7474.349141104554,7195.43
6085,6085,5467.7131845800905,4230.85
8674,8674,8643.395797037228,9367.63
8341,8341,5815.76039980771,5861.67
7811,7811,1212.5851660215994,1000.0
6084,6084,3840.913876565988,3035.49
8773,8773,7711.805449871696,7694.58
8757,8757,6776.323644398712,6211.22
1692,1692,3609.6290887650684,6876.04
4734,4734,7249.95493492682,7936.95
3387,3387,5034.1513760274975,4101.34
3646,3646,6067.328101901454,6906.63
1683,1683,9799.433299014985,7896.32
8,8,10151.810265564825,8730.52
6062,6062,5044.323025225836,8957.62
6516,6516,12679.622567231767,12142.39
4123,4123,6984.522185692738,7574.22
8729,8729,7429.850108858605,7714.52
6045,6045,7552.933572996175,7180.92
567,567,6117.219210137555,6829.18
9161,9161,7555.650172779802,8400.14
1803,1803,5236.877748800558,5609.94
8501,8501,11077.760930779972,11620.01
4900,4900,7323.113470917451,5976.47
1599,1599,6680.512828944891,9701.78
7931,7931,6186.387330113095,7169.67
9547,9547,9460.716755128815,9915.31
2823,2823,3862.639397879713,3224.05
5467,5467,10762.91627168731,10614.02
3529,3529,5937.858433161862,4780.07
8683,8683,11564.83364549966,11422.99
1155,1155,7096.76304108242,6946.14
6547,6547,5537.740273493982,4476.18
9088,9088,3536.02502470318,2721.26
7620,7620,6634.10416592157,8887.17
8296,8296,7739.951195988338,5895.85
4540,4540,3179.1061754459515,3223.64
9134,9134,6410.578653162986,6688.37
6482,6482,7858.979455778026,9236.59
5826,5826,3493.539853123075,5610.64
1190,1190,6024.119524948997,5991.4
7444,7444,6567.207763838815,6399.24
8520,8520,9981.864965384884,11517.92
960,960,6013.883138533856,8491.79
7454,7454,7656.968562720111,8779.84
36,36,12729.863734643499,10860.67
7516,7516,3960.3477290326846,3766.8
7644,7644,11951.381894004298,11072.74
4438,4438,6206.874614524189,5948.36
6161,6161,4986.446118037857,5288.01
7744,7744,6817.181230686663,6622.03
9587,9587,6378.691042526159,9702.16
8119,8119,6013.998837320134,6069.01
6967,6967,6007.203039775195,6690.74
5718,5718,6279.195326453482,5425.72
577,577,11741.11774625536,11034.3
9833,9833,6493.379910914169,5496.1
4102,4102,5049.609342078562,3871.68
7646,7646,6256.872849348758,5014.28
4151,4151,9182.873582364991,8612.88
3130,3130,4000.7497095613508,3415.88
4890,4890,7049.528265328321,7248.73
9975,9975,7539.424033312942,6031.74
7471,7471,4985.165919700696,4362.91
1833,1833,10297.51410418225,9801.85
9148,9148,3364.911488160782,2882.78
4891,4891,6114.129874099919,4323.85
2287,2287,5569.5388120036805,3188.1
1330,1330,7171.1295695614535,5689.92
2771,2771,7557.8788580730325,5508.35
3686,3686,9800.947121470002,10278.13
8283,8283,4787.6035314826295,4584.96
5928,5928,8472.090555883886,7165.44
637,637,5096.370900550275,5333.46
47,47,8327.822197152418,7396.53
2602,2602,2144.7285602444317,4052.04
1965,1965,6987.161921255582,6800.66
2168,2168,4766.282387951855,4072.62
5049,5049,7598.184142548416,5533.84
3334,3334,9195.489094331046,9684.58
3019,3019,10719.648373183212,10167.43
8764,8764,9270.030718238151,8336.28
9176,9176,7562.526003341947,6860.03
1360,1360,2580.6446895728586,3119.32
5798,5798,8215.946657548484,6813.75
9400,9400,3043.498626382614,1094.56
3251,3251,8530.223913872847,11127.27
6300,6300,7038.066301828134,6594.76
2251,2251,8493.1880841307,8816.01
6027,6027,7607.576298822474,6281.37
1175,1175,10961.134018971119,11120.4
8799,8799,13254.8298774953,13346.84
3279,3279,4705.449317694816,3474.76
2973,2973,7157.981117966119,5862.57
3396,3396,8175.459898491972,7063.07
6939,6939,9832.51084494195,9398.81
965,965,3842.755098518217,4728.89
8574,8574,3061.4511624124716,2852.95
742,742,7105.2617114261375,7115.79
7514,7514,7052.237091796473,6285.29
3314,3314,8542.611537646153,8529.94
4898,4898,7068.621965386323,6456.36
9340,9340,4114.166571676382,4111.37
4672,4672,5317.14184338355,5950.82
8618,8618,11692.739993562165,12187.94
1217,1217,10694.29543591733,8862.01
4397,4397,5970.670016576129,4972.73
6080,6080,10306.01041687571,12386.37
2614,2614,11580.783741813328,11322.72
2620,2620,6814.2362461344455,9585.29
8714,8714,8401.087150386535,8100.38
7282,7282,10448.989804566954,11201.87
3379,3379,8549.882186116069,8195.85
7301,7301,3063.083840401785,2256.13
9857,9857,3801.439198926091,5802.39
5605,5605,9183.329582898936,9200.62
9813,9813,8313.838108850701,7426.07
5786,5786,3791.9686702038744,2435.42
8518,8518,12561.194138696068,13641.65
6850,6850,6120.8900058758445,5460.22
1516,1516,4577.270822566701,3743.67
5098,5098,4484.219935566594,3752.51
7636,7636,7292.348894972878,9120.75
9085,9085,12997.693687648338,13745.73
8023,8023,10497.386156245426,8732.37
2392,2392,8733.590050557104,12679.5
586,586,8052.805069220602,9246.79
3519,3519,9202.275400854822,8159.09
7653,7653,6426.421332507336,7180.52
8946,8946,7113.8878307389095,8153.73
850,850,6765.223325075873,6243.89
335,335,5660.654898894019,4558.78
6634,6634,7719.142747533508,6590.79
8972,8972,3416.377361997729,5447.9
7493,7493,5551.615927485225,6676.69
2868,2868,6671.275406527799,8681.58
4872,4872,7428.418428948615,5948.86
3550,3550,3916.8199325986207,4365.19
3842,3842,6377.755966321973,6066.97
7262,7262,5781.982275191462,6437.68
5824,5824,11087.73421788169,13886.11
23,23,6080.462499516958,4916.24
1453,1453,7147.597367261595,7211.81
1684,1684,5991.724955161393,6332.39
2310,2310,7738.516413183475,6384.32
9063,9063,5883.331382147793,5030.79
9406,9406,8152.418067396851,8302.52
381,381,2787.3218745767954,6795.7
5814,5814,8393.4661885979,6489.62
5550,5550,4605.9810125008225,4163.78
9308,9308,13561.042358382081,13237.49
1618,1618,8695.320059268328,7672.69
789,789,11869.026933543093,10052.79
5983,5983,5742.279682432301,5568.17
8672,8672,8047.837879021186,7838.21
4475,4475,6896.615693847882,6584.01
5606,5606,8693.644345942303,8838.48
9312,9312,6925.168693210522,8173.03
5648,5648,10125.708827770664,9917.55
6216,6216,6035.008550261089,8570.38
2286,2286,5858.768951141916,5114.11
9993,9993,6488.822038277809,5617.77
7578,7578,8647.539262366132,8677.27
1183,1183,8531.25620689569,8894.32
6001,6001,7313.076906662725,5137.11
5090,5090,4372.043892483867,3713.56
2516,2516,5803.43441330886,6533.57
4122,4122,6796.411547943251,5688.53
5521,5521,10822.166904469312,9884.04
5627,5627,6464.820496498665,8176.46
8360,8360,3408.3720906635863,6166.73
5872,5872,11349.077219064638,11120.28
8612,8612,6492.75949360989,5516.01
7727,7727,4403.109214340046,4385.16
5968,5968,7385.063839941635,7115.54
1180,1180,4710.8953803220065,3427.9
8762,8762,9140.98203646444,9004.75
8235,8235,10487.5575139625,10543.65
2818,2818,9404.17917356029,9371.48
9964,9964,7330.3901217193925,6587.68
8703,8703,6783.250436530216,5459.18
6608,6608,10033.232790933747,9550.86
2820,2820,11180.342161892622,9797.46
7535,7535,10657.458171514212,10032.97
2260,2260,9840.396300206252,11209.65
2239,2239,10312.348295891075,9088.99
6021,6021,7191.016451052681,6537.78
782,782,5261.28393476957,6024.41
932,932,8591.59058789321,6692.41
6202,6202,10677.6839214004,9971.84
2412,2412,8471.814791063254,8219.89
6997,6997,6906.055972466187,6211.78
9115,9115,5497.598292336392,7279.51
1156,1156,7008.119493632985,6489.17
8107,8107,7222.7352229519165,10456.24
5805,5805,10587.95190715132,9601.23
4879,4879,7215.965405885596,7548.0
3309,3309,8757.130621812423,6355.01
8961,8961,11471.776549972652,9824.74
1702,1702,6000.263659963559,3439.22
2492,2492,5804.965571907058,4681.55
3706,3706,7484.015198387788,6996.69
8276,8276,5392.901761946443,3242.53
286,286,5102.895747639064,4666.49
1608,1608,6970.195270657598,7051.43
6631,6631,5278.809670081013,5814.42
8278,8278,6283.898017487489,5705.16
7315,7315,6482.997554372007,5877.47
2252,2252,7079.958493909158,6674.11
7415,7415,8707.454095770896,8080.31
8365,8365,2369.4725619280944,2921.38
1891,1891,7387.21112498187,5312.41
5062,5062,9890.777949942334,12233.4
6120,6120,5536.826303529902,4375.97
563,563,2517.6137019392336,2773.44
291,291,4954.860746538907,5390.65
4716,4716,8268.805349803239,8030.15
7708,7708,7810.927959825727,7660.24
6349,6349,5961.543798840605,6080.08
169,169,8433.186710187758,6562.53
267,267,3474.7928669130197,2124.15
4638,4638,5854.995119387517,7153.46
7077,7077,8581.206140107592,9503.71
3355,3355,5451.142491693783,6387.99
8279,8279,3319.353667553223,4127.28
315,315,6818.004886703042,5845.1
6728,6728,2902.1987759674666,3493.61
9495,9495,3442.1928049413254,3257.75
4067,4067,6009.895846435276,6849.34
245,245,5383.431930305378,4747.56
252,252,3359.3668175052153,3395.55
1111,1111,5753.305704663042,6051.52
4801,4801,8560.27479961462,8147.47
1713,1713,9277.252317113744,8061.03
50,50,4378.804024259793,3727.01
1835,1835,7929.915497048933,9425.2
7896,7896,6529.8548454089905,8162.31
3383,3383,6916.462819213048,7812.54
6410,6410,8593.805039938132,8365.84
4313,4313,8340.542759126285,4895.71
872,872,9051.99035407824,9246.71
1254,1254,4220.599426927976,6673.97
8881,8881,6588.919775912014,6325.95
5851,5851,4026.1114587206976,3411.11
5702,5702,9533.665253930143,9504.52
8103,8103,6348.655973349989,6949.05
2098,2098,6166.172558238555,6670.06
5128,5128,9532.275116705976,12629.04
248,248,8376.860527023673,9107.15
6561,6561,5982.160542684491,4432.55
1339,1339,6172.122997886967,3969.35
7017,7017,6014.655162826239,6215.0
2110,2110,8965.539987467928,9072.19
1569,1569,9379.973707338213,8018.07
1726,1726,6719.34627363662,8913.82
8384,8384,5771.062508889299,6105.01
6940,6940,12234.291086522688,10065.23
4395,4395,7370.9971275199205,10956.5
2420,2420,7177.869911432324,6276.32
3045,3045,10326.923879438604,10507.68
5503,5503,4276.324437953415,3568.18
3703,3703,6365.188301320188,6104.76
8191,8191,6085.635053532547,6540.54
5331,5331,7470.216827365977,7434.45
9808,9808,7670.16441834165,8724.72
447,447,3905.8770702541224,3126.5
7894,7894,8572.970547840348,6647.34
8728,8728,5466.424844504101,5160.98
7828,7828,8685.270655927656,9185.0
1768,1768,7104.860765771125,11043.12
6808,6808,11410.163388774265,11168.48
4704,4704,6603.687243338849,5981.81
3869,3869,7311.691784308525,7632.23
1655,1655,6287.712126133149,5778.41
3187,3187,3885.016723668494,3762.44
683,683,6439.328332816192,4149.78
4170,4170,6284.622661727772,6835.16
4477,4477,9002.523793088563,8835.49
461,461,6208.318687844963,4509.78
5764,5764,6011.983334038639,5183.34
7522,7522,10916.823591393768,12870.17
4502,4502,3999.4016352127655,4729.89
9709,9709,6973.54766079766,6202.09
318,318,6760.819390726683,6732.29
1145,1145,8685.837388541258,7406.55
5094,5094,2169.5152587352786,1002.26
1393,1393,3755.5060569823254,5733.46
6623,6623,4687.917274792213,4446.51
1501,1501,5763.663929537288,5038.7
6408,6408,9249.5974471753,10746.59
376,376,6763.4326100447215,5752.19
410,410,7758.708142868767,7357.97
1660,1660,5157.351780771802,3128.18
3151,3151,9726.377141149773,9860.6
1623,1623,7404.052250511537,7857.22
5609,5609,10007.970227129175,10504.8
8532,8532,7125.098112922802,6890.49
5802,5802,7394.6367497416795,8367.05
5306,5306,6540.522385655495,5661.7
7086,7086,10650.1208738524,13784.6
8897,8897,4370.218636486621,3566.27
7488,7488,3083.6534466263256,3819.86
9615,9615,9322.4926806101,9626.44
9217,9217,11435.267720692267,11226.1
1672,1672,6444.586829352949,6808.48
2358,2358,8013.587084814382,6627.1
8467,8467,5042.351799101511,4386.48
274,274,6617.007911946683,4327.06
2473,2473,9319.844641993404,9413.3
5489,5489,8255.563346976996,8794.47
4771,4771,10767.46055725601,9842.54
2107,2107,10873.256062807806,10601.5
7500,7500,5548.236141467409,4288.9
4414,4414,6481.355861246819,7403.69
8138,8138,8099.291853286035,6262.88
8660,8660,6693.911594620848,8033.17
8239,8239,8314.788998668082,9254.42
2417,2417,7587.453926449292,6890.67
8771,8771,4780.383641339664,6203.81
2236,2236,5098.212819583598,5736.35
3767,3767,6453.598473105056,5197.02
9791,9791,8176.42075193231,10303.68
9989,9989,5925.329854131502,6333.66
9965,9965,8228.484593211673,7916.69
7323,7323,5433.077739330882,5228.39
1383,1383,8613.22894610226,10142.25
3101,3101,7617.242356105708,7382.21
3921,3921,3975.9079591440386,5929.39
6685,6685,7539.603102080349,10896.15
3194,3194,4368.714523296163,5445.36
1941,1941,8057.205296637199,6942.6
7713,7713,6893.857943776005,7186.94
4896,4896,7137.498647919681,5137.65
4782,4782,4461.504286122334,3840.46
1496,1496,7940.8784186578705,6037.44
1957,1957,5167.431925102603,4617.92
9171,9171,10511.137614127249,10824.37
9745,9745,11833.27425269119,11582.09
7332,7332,6986.881686304288,10751.19
7949,7949,6462.175025010714,5937.09
3017,3017,3771.6493029698613,5099.9
6746,6746,3035.212323951884,3442.39
513,513,4523.598614234303,4618.49
3934,3934,4463.32189421932,4414.04
3025,3025,5063.220448740991,3449.07
1199,1199,8260.867942554934,9041.32
5028,5028,10593.818035184056,10757.33
9784,9784,7073.588952343271,7339.35
921,921,6854.658686722803,6878.18
4649,4649,6479.117188356584,6293.09
5332,5332,6224.460425605124,6705.28
1076,1076,7614.470007314638,6313.91
6768,6768,5680.909453821194,5444.65
9410,9410,9647.45960076229,10928.97
1671,1671,7486.463453818986,8215.81
474,474,12825.951960486243,10677.72
9186,9186,6731.586667508876,5440.17
8839,8839,5186.976407582173,4176.61
5758,5758,4770.2830100226565,5566.12
6297,6297,8455.75400788075,7800.23
2478,2478,8967.700781748747,9265.69
5493,5493,6407.10291633656,7386.81
3914,3914,8407.272356909234,6407.65
2138,2138,8009.678637765697,7597.88
5454,5454,7318.543749609555,8802.88
5379,5379,6278.529288730293,6610.0
8985,8985,6089.037657260313,5949.88
4023,4023,13099.694132167439,13257.98
3485,3485,6677.10131152242,6425.27
2455,2455,8677.186045704875,8668.88
2464,2464,3673.9272111704922,3885.73
8696,8696,9887.149543575651,10712.47
1369,1369,11987.674950170214,11870.35
6688,6688,7332.9083594063995,6436.97
7456,7456,8372.96514354035,8169.47
9974,9974,10247.909963257844,9345.04
1901,1901,7787.381879861758,8799.02
4871,4871,7493.260938859603,4988.32
4710,4710,5349.0706524722045,4439.63
7886,7886,8698.976825000776,7806.97
1793,1793,8729.229579266394,8049.53
2874,2874,6813.689303425897,7486.27
6217,6217,5733.555275351158,4544.45
5213,5213,10167.946991407545,11291.56
2245,2245,7714.268632679887,5484.55
1741,1741,6159.525606283743,6047.15
1020,1020,5295.878067501937,5016.89
705,705,12635.324924887274,10279.13
4294,4294,10859.49866575835,9720.17
5576,5576,3169.2012490059133,5631.23
7166,7166,6369.712748820253,4375.72
8177,8177,8851.178160040348,10283.13
908,908,7856.09481340216,7852.07
5193,5193,3800.2928437121445,3411.1
3077,3077,8523.27023162786,8005.31
9366,9366,3909.5645799291087,3567.91
594,594,6045.134707408317,4551.44
5304,5304,6072.348683458054,4366.54
440,440,7810.195146919927,5013.52
7606,7606,3695.866048884345,3493.66
4092,4092,6384.199804979959,7659.95
6134,6134,6783.491977907717,7469.83
10,10,7918.694012374093,10070.16
3776,3776,4429.091610972711,3365.64
8999,8999,7986.065908609831,11610.74
3708,3708,7481.009743291594,7526.01
3780,3780,8625.819476977515,7345.84
93,93,10312.445937478973,9338.5
9239,9239,6668.823354073043,5694.17
3949,3949,4572.516054133477,3322.46
5785,5785,10584.067717185826,8746.92
4870,4870,8197.212385009218,8370.93
4802,4802,7568.083019244892,10156.74
4867,4867,3936.0893982392154,4763.22
292,292,2592.575642657699,1623.57
7888,7888,10717.45942004188,14473.09
7405,7405,7351.714822793321,5394.0
5595,5595,7463.3307667740155,9454.58
2886,2886,6760.422143031086,6186.89
6454,6454,5167.353349412093,4747.6
2542,2542,6084.213379173074,7050.08
1765,1765,3239.8449072999647,2433.75
6800,6800,9676.177438596613,9851.65
1877,1877,9829.169079606305,8228.95
1981,1981,3114.81733458332,1366.16
9729,9729,5212.808019723161,4560.03
9608,9608,6632.043053571368,7929.61
2685,2685,4219.877819465648,4800.45
8930,8930,13222.09745370131,13371.35
3458,3458,13145.32054086856,16759.39
4541,4541,5001.254658501188,4295.89
2178,2178,3685.6999563428108,2353.98
4450,4450,8011.151719369809,6614.76
3859,3859,8776.587944139785,7678.98
7623,7623,4405.211880726158,3886.81
7654,7654,13256.382788874267,13497.36
4519,4519,3458.5941652514157,1000.0
2517,2517,10453.868464425963,9702.31
4836,4836,3618.6528745220858,3978.74
2885,2885,3897.928245008632,4365.75
7281,7281,4183.755059363961,2678.76
6255,6255,5961.084243716032,7232.63
4539,4539,7688.362723446742,9018.21
5639,5639,9705.50080168253,11026.98
9459,9459,4551.174145284109,4244.32
3481,3481,4252.058603203914,3195.67
1277,1277,9382.86870573461,9786.46
3146,3146,4427.290345651796,4733.68
8262,8262,10543.438569519552,10607.32
3205,3205,12843.446132311248,11856.23
9892,9892,10989.571747269307,14210.24
2742,2742,6874.83181447041,6126.73
6076,6076,10538.706918365671,8819.46
4047,4047,5979.33015608968,5387.5
5731,5731,4729.239455048868,3608.96
2945,2945,7435.363544685475,10666.24
5790,5790,5046.189773008227,7797.89
6794,6794,6907.6321562033845,5487.01
6543,6543,8452.493996005214,7464.33
700,700,4815.9005559295765,4469.87
3574,3574,9630.176456541114,8816.69
7699,7699,4394.673102831235,3085.27
2515,2515,5984.951984299463,5470.15
3000,3000,5350.174935837451,3818.26
5820,5820,8368.057678640354,8610.79
8581,8581,5163.760408309172,1958.23
3684,3684,11387.272913261317,10220.57
2995,2995,2772.8791437378386,1000.0
4252,4252,8054.047941219527,7442.63
3411,3411,5985.279874682892,6332.89
7962,7962,8110.567402425164,7404.88
6309,6309,5535.348931063607,5645.74
8611,8611,8162.383362364373,8275.62
5012,5012,8951.978118979547,5967.67
7750,7750,7840.336547114712,7290.46
5979,5979,7405.411787737277,7455.56
4048,4048,3751.8740930724307,4048.47
4899,4899,4319.120639328088,3207.22
1318,1318,7671.318421455799,6562.76
9772,9772,9094.4078378884,9294.0
9137,9137,3051.451302504749,2131.08
7142,7142,8246.93437912775,8269.84
1897,1897,6456.719920321018,6084.45
7465,7465,5180.23157160671,4660.84
603,603,8508.502216509136,12076.51
2846,2846,9770.63378259528,8222.7
8207,8207,9129.966965318774,8363.91
393,393,6559.154861046642,6753.16
4436,4436,4903.852112103894,6805.69
9447,9447,4163.872698904073,3636.32
7234,7234,4826.594863826875,4632.71
5398,5398,4355.9211305300705,2894.24
95,95,3846.1191849879106,3953.91
1662,1662,3523.8507622099714,3230.15
8970,8970,7672.905999216135,7080.15
5130,5130,6149.985301500652,5880.08
1488,1488,7443.682449180691,5894.35
8316,8316,11711.520278917858,13088.74
2707,2707,6286.796839834016,8905.27
1595,1595,5845.560702109593,5661.1
9277,9277,9672.70639911713,9361.89
2377,2377,5806.806096778135,5184.67
5140,5140,6996.351493971306,5096.69
6147,6147,8038.063100697298,9045.32
8241,8241,3661.2252092068666,4670.97
3948,3948,3578.0736621109536,7868.84
3933,3933,7370.647526283341,6165.76
4797,4797,4785.884238080471,4108.78
4372,4372,7067.124626699078,6688.51
9862,9862,8462.499567863939,8210.14
8242,8242,5716.421177225362,5343.48
3448,3448,5079.941926119034,5212.54
2943,2943,11869.762050246005,11614.33
2465,2465,10032.39640624565,10832.23
8582,8582,7799.342308142164,7322.64
5506,5506,5980.470775378519,5485.64
2698,2698,6175.915949391783,4920.07
2447,2447,8522.749484904052,7364.11
19,19,3216.0483100130805,1223.8
2748,2748,5067.030608021305,3323.52
5399,5399,7825.124224508239,11998.99
8078,8078,5401.318361882644,5429.62
6871,6871,3662.1760990242474,2944.14
4708,4708,12266.727375527378,13466.16
9476,9476,4773.179375654727,4427.03
809,809,10785.422207485826,8274.82
7477,7477,7498.496470458806,5478.24
2273,2273,7064.866591625498,6177.92
1923,1923,6056.635239067138,6159.92
1470,1470,9819.350921496283,11485.39
7934,7934,9288.831712106825,7747.04
7407,7407,12208.55071284232,13166.14
2406,2406,7963.535710038559,8458.25
1142,1142,6966.330807432707,7759.53
1747,1747,5832.75024551223,4384.51
5709,5709,9690.706617505639,9050.16
4975,4975,8637.287721142173,8942.84
7300,7300,5168.686196814349,6049.04
8148,8148,8214.177099658118,8709.57
2833,2833,4821.587324598688,3740.15
3131,3131,6824.651231667784,4622.18
1310,1310,8395.63514859177,8117.94
8650,8650,11861.12597923592,12731.76
6774,6774,5232.296083040594,3796.97
6756,6756,6983.203712530434,6553.65
620,620,11252.570839791442,11926.34
2701,2701,10366.609863014892,8530.45
2199,2199,3898.5704896083334,4205.0
6196,6196,3902.458476597327,3429.84
8824,8824,12360.345491716987,11248.7
1046,1046,4319.032261329528,4602.87
5768,5768,6617.68020340777,7359.39
9947,9947,11247.98245338141,11720.09
9019,9019,9416.825402542425,11340.06
743,743,7857.223709434795,6340.46
222,222,7260.5163362623425,7977.88
3149,3149,8256.256283786672,8944.94
625,625,8670.886256225815,6897.7
9334,9334,4424.966651800962,4793.59
7566,7566,7979.018681154586,7636.18
4582,4582,11995.889043799718,11277.45
5711,5711,3434.8214119886397,3508.73
3284,3284,7155.253540170903,6426.69
7585,7585,6746.755981489783,7062.58
9646,9646,7273.180494075117,8443.15
1530,1530,5958.934528887854,7040.07
9685,9685,2520.9951485261554,1762.16
353,353,5609.026998884103,4761.54
2474,2474,6289.254110401089,6361.08
8013,8013,5315.625457083341,3875.25
6475,6475,6778.403735507745,4571.5
6449,6449,7214.89375151135,5380.06
239,239,11659.895102029142,11988.09
2625,2625,6493.560867682565,9452.55
9786,9786,7984.332561227842,6331.45
7198,7198,13054.12830807548,16886.44
7692,7692,5969.0197389893,6726.57
2997,2997,9726.89458173624,8936.35
6440,6440,5651.560789384297,9358.2
4562,4562,12274.387575629225,12609.05
8614,8614,9964.070314055134,10368.96
1479,1479,9177.868475877214,9276.84
1018,1018,7613.430829589721,8209.11
3094,3094,13163.118495383067,12363.06
6182,6182,6686.522548217443,6323.04
4960,4960,7086.052767230198,7812.66
8492,8492,7065.125340778381,7390.39
1103,1103,4697.525267345249,4673.3
6081,6081,3452.1509967480088,2746.07
9525,9525,7889.596107693098,6606.73
5190,5190,5730.873147679551,4295.43
4181,4181,5773.7933658952825,5854.01
4467,4467,5901.07725926314,4973.0
1626,1626,6371.565694028686,6198.82
6717,6717,5793.767955230374,10046.96
3798,3798,7529.9073663590825,7194.78
3053,3053,5033.918269722373,4134.83
2867,2867,4597.7773521434865,4442.91
1432,1432,3924.519509268168,2740.85
7983,7983,7210.786015115911,8118.11
9346,9346,3177.867645209888,3467.82
9419,9419,3888.20000571158,3677.51
4076,4076,4997.153061778634,4619.65
217,217,8177.715701330511,9315.03
3555,3555,9917.522607749852,10186.66
7936,7936,8202.031372846512,8144.06
8421,8421,6018.190493847302,7887.55
1034,1034,11305.202287081454,12143.91
3773,3773,2907.1005049422965,1270.84
4132,4132,4126.2206682051765,5064.74
2335,2335,6389.192494082963,5186.64
6492,6492,9986.81409838592,9563.17
1482,1482,4374.635954661178,3586.21
906,906,8655.652953009761,8414.33
6088,6088,4762.70565523667,4394.65
6466,6466,4712.870472323906,3706.12
5676,5676,4138.008457771968,4551.67
2770,2770,9957.084520631877,10205.03
1805,1805,7535.1217168435105,5647.28
7374,7374,4266.717232572613,4107.82
2114,2114,7512.757050872431,7506.29
4534,4534,9104.282959899865,7343.32
2531,2531,8024.833694524248,6465.03
8525,8525,9678.986668050638,9544.2
3470,3470,11703.827653067361,11654.88
1402,1402,7787.044672035845,7663.6
852,852,8262.636351668392,8932.09
3082,3082,8394.3885936343,6568.51
8024,8024,6191.877696824144,5155.42
7565,7565,10551.213071508217,12546.13
5529,5529,2561.6493551104213,3612.93
7854,7854,4144.9092694250285,5591.14
4932,4932,6560.912073689746,7047.68
5159,5159,10206.230366521631,11185.86
9715,9715,3459.235942938947,3124.05
3846,3846,1519.994685359241,1000.0
6483,6483,8796.377208017162,7817.26
747,747,9053.45176058961,12814.84
3034,3034,8835.368540361407,8139.87
347,347,5792.426789773395,6190.33
3351,3351,6093.468107854249,6097.8
2864,2864,4517.2676620639395,7478.79
2167,2167,6058.3324750049505,6996.8
6954,6954,6695.593462620629,7593.64
6209,6209,10308.783980560722,8367.1
2777,2777,8774.04400704382,8110.72
1441,1441,9131.178578514839,8826.73
5657,5657,5271.997487832443,7223.45
9657,9657,8723.893276257848,8654.01
3027,3027,12077.512508265732,14765.09
6117,6117,6424.2816953672445,6642.29
2483,2483,6339.198460029671,5226.77
2882,2882,5725.425173077325,4516.42
5561,5561,10106.487957076111,7925.86
763,763,9946.373549698561,9562.18
6481,6481,9451.756339352927,8160.6
1616,1616,10059.648543969146,14576.06
1222,1222,8261.409963437123,8498.21
8664,8664,5109.7581943759,4573.43
6221,6221,5604.156531664659,5815.48
1576,1576,8666.663679440157,7245.93
9391,9391,6861.862282253103,6091.95
6350,6350,5271.142052247946,6901.27
3782,3782,7140.311422991275,9647.0
4374,4374,6489.533568052109,4799.54
708,708,4297.46370610781,3570.45
509,509,11653.935353911424,10234.78
2954,2954,10462.437886244152,10611.96
7537,7537,5782.010410077812,5183.78
6338,6338,2904.2657765846816,1000.0
8922,8922,8840.748423446028,9925.11
7063,7063,4363.765908107976,1987.51
7162,7162,4856.894301063498,5683.33
7371,7371,7509.127178205934,5591.48
6828,6828,5373.976027229044,4642.91
3615,3615,7643.094946119119,7303.46
4656,4656,9977.29879866779,8139.4
6975,6975,5706.949191176391,5367.47
4350,4350,7098.6835989707615,8007.31
711,711,7291.181876456831,5571.67
6478,6478,8595.50166797213,7929.43
9129,9129,7782.737388859969,8111.02
8204,8204,4169.989344259782,3988.91
9203,9203,4918.105971867451,4892.79
712,712,10983.765141293581,9097.06
9112,9112,10607.23539984523,12843.89
1245,1245,8093.893849838583,8601.11
9785,9785,12175.174078620505,11799.87
6848,6848,5757.671391113487,7414.75
5133,5133,10426.1564961978,11663.24
715,715,7765.3482340955525,7025.16
3463,3463,8768.44927240524,8690.56
4394,4394,7244.327837704041,7941.75
4568,4568,9837.576119667268,7943.15
8803,8803,9615.18990986247,10535.93
8489,8489,13840.444579245115,12034.79
7701,7701,5434.347504395759,6240.22
212,212,9179.857352499675,8117.19
9767,9767,6360.883528136299,6266.35
6838,6838,7423.110260826477,9812.91
1010,1010,8569.514056179556,6218.03
323,323,6273.93165996793,7000.67
5396,5396,7294.07201232505,7078.01
5990,5990,4923.480639792222,4902.46
3172,3172,3592.048023194773,3766.5
334,334,5050.88899567636,5407.93
8305,8305,4458.023686767614,4685.26
2210,2210,8276.497975653736,8524.15
4271,4271,6729.063441878476,5264.89
6740,6740,5566.265658735589,3764.12
233,233,3368.950678390276,3144.73
5950,5950,9792.750564273621,9852.08
5737,5737,5058.406400683627,4131.67
7921,7921,12838.198635023029,13108.63
2348,2348,2491.6211022032658,3392.87
2036,2036,5352.32975176035,4205.9
7484,7484,4760.922219682194,5879.14
6006,6006,5680.98922043154,5781.52
4553,4553,7127.089219043206,7270.99
8072,8072,6637.4275477781775,6464.23
1458,1458,10314.654859793722,9583.23
3288,3288,5379.465125192946,4335.57
3064,3064,5695.138868260081,5566.83
9436,9436,6039.916015161027,5943.8
774,774,7530.135727153684,6501.98
6832,6832,8772.378230414179,10116.57
871,871,6213.156992985518,4221.73
8749,8749,6498.302797029784,8885.32
1263,1263,7896.1038879980915,7063.46
4833,4833,11428.211657369451,11120.82
3894,3894,10947.949114434596,9581.47
6323,6323,10122.933352110616,10966.6
9212,9212,7420.3340880852775,6401.55
7019,7019,4524.162067637255,4824.67
1220,1220,10578.50568936544,12544.35
1446,1446,6103.675674227474,4941.03
3184,3184,5895.910985912022,4643.27
408,408,8732.983561817498,8120.11
4344,4344,8423.742404376913,7565.18
3021,3021,8365.310882606078,7916.54
2303,2303,10994.61897048587,11015.36
6271,6271,9084.64465683006,7928.37
8280,8280,7770.456897364755,7816.66
6641,6641,8676.878642307653,10366.82
6955,6955,12391.046991013922,11301.25
2109,2109,3807.6377892741584,3738.1
5351,5351,11283.228238246986,10594.78
9683,9683,8928.779719304119,8512.85
8343,8343,6611.876876642753,6429.95
4549,4549,3903.0337305082357,3717.96
1880,1880,5478.013078317221,5663.53
5945,5945,8448.97363155149,7465.84
1737,1737,5293.241297493165,8080.22
7793,7793,9695.76523474534,11074.24
5212,5212,6648.939599450852,5434.44
3208,3208,3551.0921491384506,2747.48
7082,7082,3751.8478970876313,3131.81
2055,2055,8855.989108155365,6927.53
1688,1688,6031.392085394007,4427.61
4779,4779,5790.583655846131,4584.93
7475,7475,6351.7359287807485,5627.78
7876,7876,7484.380235841032,7304.65
6749,6749,11188.26342391764,10247.82
8555,8555,5657.224339548266,3965.57
8122,8122,6753.941127424187,8121.1
6990,6990,7795.34788890864,6293.35
8266,8266,7145.497513174079,6765.01
8539,8539,3632.661031327327,2787.76
3392,3392,7616.635143358377,7495.36
6325,6325,8035.230014955334,8488.56
3528,3528,6323.425317265966,5590.6
4604,4604,5854.750541232119,4358.16
7023,7023,3310.0886819157167,5455.81
6321,6321,4132.0234771574615,2213.1
745,745,6958.130944098986,7471.68
710,710,6035.289784600085,6281.85
379,379,3953.0475544665824,4254.63
8782,8782,10684.435014066286,9303.08
3011,3011,8694.3489488716,6476.65
8858,8858,9187.296361084795,10155.69
7152,7152,5173.138307360874,4340.35
8566,8566,4966.191563110682,4765.68
3497,3497,6411.408045104588,6028.72
3889,3889,7768.067466909415,6503.68
4484,4484,12192.901559993043,14104.0
4011,4011,8793.635423900269,7996.31
2619,2619,6393.600530714728,6527.03
6670,6670,5219.646006134397,7474.48
6512,6512,12561.79543624993,17155.52
3467,3467,11896.935546162073,9405.04
1313,1313,9025.24542986392,9544.89
8605,8605,8642.165459440672,7126.47
2069,2069,6087.831058934098,6940.89
2982,2982,9722.249106009549,9172.25
5914,5914,8874.674403237761,9265.57
9170,9170,10955.754605535767,14553.08
1285,1285,10926.493355609535,10029.62
8990,8990,6383.90973477345,5600.29
8429,8429,6710.821826056752,4417.7
1349,1349,4606.502947191999,5137.68
2611,2611,4718.721430546953,3723.11
9494,9494,7410.918120403308,6939.58
3668,3668,9330.1381056768,9137.82
2221,2221,5738.200242238119,7251.96
427,427,5761.81485644239,8663.79
653,653,4850.928858948057,6357.67
9913,9913,7803.836631529033,8074.2
3535,3535,6326.228810794826,4724.6
7736,7736,7029.3932331375545,8729.9
3245,3245,6877.848247578193,7220.28
4740,4740,8004.4464362778235,8438.89
9068,9068,4236.096311032248,3623.39
4099,4099,5907.467491057701,6078.81
4100,4100,6166.2303715628805,7436.83
6959,6959,10081.635455863725,9933.92
611,611,3484.6751429859432,3562.64
4288,4288,4713.962838163658,4541.17
8570,8570,10890.393718476815,11393.78
9712,9712,6565.990935482841,7061.93
1543,1543,7907.350356716313,6679.7
9535,9535,3059.0953603358357,3219.19
3853,3853,3812.1201229979633,3129.1
554,554,13091.072758365306,12971.93
6365,6365,6356.132556726632,5096.05
511,511,6222.206483841059,4201.16
3206,3206,4874.736356419395,5377.37
8084,8084,10396.302784585278,11042.77
967,967,8510.945433096378,7075.58
6043,6043,8168.586901465373,7610.04
6879,6879,4904.098805476795,5976.79
6775,6775,7343.641409040953,5229.05
3295,3295,6151.191405988124,5624.17
8701,8701,9548.77166484209,8408.66
3429,3429,9787.051805941446,9103.8
8870,8870,11463.797677865718,10131.69
6962,6962,12158.981316126476,11203.57
2088,2088,6424.989473328984,6095.4
8499,8499,6456.102453569765,6404.94
6162,6162,8859.374645099218,7393.39
3210,3210,6297.159334333555,5026.26
9200,9200,3436.2302232881193,3128.2
6605,6605,11945.566916120646,12188.35
1109,1109,11185.283646993455,11108.39
5728,5728,3135.525583294686,4031.8
7829,7829,8218.201790232386,8440.83
1038,1038,6205.676040919439,6163.33
1194,1194,3815.51492648368,4691.11
4474,4474,5498.327002959559,5855.64
9874,9874,4852.659127624647,4507.87
2122,2122,5546.981468960526,6439.39
4982,4982,8699.88433798455,8174.76
8973,8973,6453.865198815882,5643.43
5700,5700,2774.774202722532,1771.88
934,934,9697.206875325704,9069.17
6101,6101,8728.935559694539,10333.72
4689,4689,7568.92005908658,7777.46
394,394,7857.742391841777,6682.44
4685,4685,6572.079445952142,5837.05
8776,8776,3620.649375070643,2908.4
9165,9165,4530.349730874354,5169.53
5980,5980,6970.045701059804,6401.05
9942,9942,6030.272356839094,6937.51
2191,2191,10598.06468047318,10106.83
1297,1297,6758.586085338087,6062.19
5044,5044,5499.50549332588,5753.84
1162,1162,5996.65688038693,4888.59
4254,4254,3564.816169215017,3491.13
6372,6372,5982.273204692756,7311.38
1527,1527,4812.911763869517,4424.02
4342,4342,3350.9145518000005,1456.21
2030,2030,7029.408008172642,11658.26
3060,3060,6840.772006556508,5473.99
58,58,9251.514725852932,8083.56
2405,2405,9333.783917371766,8725.79
5006,5006,12833.306465923495,12901.59
6157,6157,9247.078808693157,7626.96
7375,7375,4213.137995407567,4299.05
4506,4506,4497.381744060724,3002.71
5214,5214,5678.236634618952,4891.55
6029,6029,10760.934594337363,10722.75
1780,1780,4017.4175262228237,5511.14
5447,5447,8223.878125629271,7145.37
4606,4606,3985.400162819773,3278.15
6914,6914,4462.946572883229,5011.01
676,676,8621.498091658228,6891.58
3582,3582,7987.273697855882,6952.06
3653,3653,7236.261871346505,6032.24
7920,7920,11476.013432144071,11717.03
9499,9499,4413.982818436518,4192.08
2732,2732,7178.631008613796,5680.89
4787,4787,7350.862337761966,6866.15
2754,2754,10433.468609526404,11660.3
2337,2337,7415.108265750576,7832.44
3643,3643,6395.724872054416,6096.15
7737,7737,6022.0489065767615,5635.27
5516,5516,6215.763833150442,7103.18
5246,5246,8126.335620409984,7915.94
866,866,6641.528154086205,5634.13
4447,4447,4806.409594074357,5166.13
5071,5071,7255.718951241113,8741.77
4881,4881,5845.501700817898,3884.74
9510,9510,2090.5891488872003,2178.64
3002,3002,10076.197041136678,11150.38
2225,2225,7994.324103080726,5216.1
9056,9056,9035.117448980454,9048.04
4826,4826,3036.129396810895,3208.09
7621,7621,12392.218327318726,11218.96
9689,9689,5610.390787781682,5560.64
5500,5500,5586.242830200295,7245.68
9700,9700,6318.336377784843,6085.3
8478,8478,8719.564309155336,13365.21
5502,5502,6045.829484055575,6662.37
1210,1210,5410.740511165059,5947.74
9083,9083,4551.833507568168,4465.4
2288,2288,6879.440194027906,5851.1
2183,2183,5192.188175936928,5298.24
2862,2862,9569.270797924604,7672.32
6861,6861,3684.294995919976,3234.01
2362,2362,6128.864383878128,4322.43
8463,8463,8943.227740392962,8082.02
6332,6332,4164.022214648721,2254.76
4064,4064,6678.891356398992,6152.57
9546,9546,5970.26154843613,5968.37
617,617,1853.9776179530309,1000.0
3281,3281,9282.641885488818,9072.81
5226,5226,7100.293333259411,6388.36
3397,3397,7549.223691286519,5962.06
3065,3065,6582.423733864096,7058.55
766,766,6103.14847052336,6780.13
7078,7078,5135.5974544170895,4943.68
5279,5279,11723.063741735066,11669.07
4149,4149,7048.191244081419,6696.72
1144,1144,8891.444409444928,9079.24
4248,4248,6573.347352895129,4341.35
4110,4110,7108.854981762182,8072.14
462,462,7575.024311031564,10767.86
2932,2932,3458.5615362603567,3386.14
4623,4623,6261.538569628785,6893.55
3813,3813,4103.153933270951,2971.66
6308,6308,4761.714285285561,4143.68
4341,4341,3029.7803153046407,2453.78
5300,5300,8591.138411309395,9144.93
6804,6804,5553.018054372456,5033.01
3282,3282,5915.974354040984,5584.2
2574,2574,12029.178981829144,12028.7
7961,7961,6286.287717302272,4861.59
7879,7879,11398.585384990962,9503.97
828,828,8069.40623669012,7814.98
6486,6486,11461.313981144805,15509.27
7599,7599,7242.781904070696,6476.5
2540,2540,7787.6654930879595,9847.01
5746,5746,5690.5206624204875,5941.09
8526,8526,8119.125218004803,6415.33
9566,9566,10368.45488199062,9932.53
3742,3742,3970.9200574791757,2204.5
7498,7498,6127.0943321490195,5682.71
3524,3524,5209.549895848555,6061.56
20,20,6850.734273719136,5591.11
1915,1915,4797.723701298761,8014.78
6571,6571,7145.461554071575,6415.25
9018,9018,11852.605998834188,10830.74
2012,2012,3153.677875583351,5309.49
5405,5405,4599.293810581265,5348.13
1295,1295,6495.87500165822,6848.02
3745,3745,6505.012574226421,7169.17
591,591,4775.786215819651,4421.83
1406,1406,6036.213529945642,5588.21
221,221,7171.175579425355,5470.93
5617,5617,10744.054041339376,10689.55
6248,6248,4078.9278546473943,7058.93
4418,4418,5878.437301073165,7161.56
858,858,4233.280675498536,4823.72
1783,1783,10930.930783949094,12527.57
7259,7259,6233.477805282397,4790.72
6856,6856,4270.557384861226,3362.4
1954,1954,12308.412708188698,12276.71
1746,1746,9598.087644582498,9785.42
3132,3132,4519.299918472534,3620.53
8036,8036,3333.216330116673,6944.8
8850,8850,9106.79789144959,10111.02
994,994,5124.0501676497515,2825.3
6108,6108,3206.848785600043,2187.39
730,730,8930.045597254415,7709.37
6974,6974,11949.402322898677,13283.25
6273,6273,5372.699802231335,7487.67
6751,6751,5797.595645254187,5785.51
3509,3509,13460.642953275761,13831.66
3533,3533,7258.122929515084,5967.35
2513,2513,9112.906763489882,8145.88
5436,5436,6531.165090607596,9532.43
3625,3625,8228.39842052164,7316.05
465,465,10553.660836053255,13488.97
6755,6755,6407.076202538912,6379.66
6759,6759,2903.497549315798,3798.14
7991,7991,6028.886168980214,6223.93
157,157,4269.873738567345,7185.76
3960,3960,7517.0670421686955,6018.75
8832,8832,8101.761050351779,7972.25
5470,5470,5412.555537132546,3499.85
185,185,6688.2525924146175,6548.13
1002,1002,5191.599538200768,5830.73
9508,9508,6267.391391663405,4656.66
5623,5623,4346.654502276797,4987.78
400,400,7417.965168590192,5979.11
6240,6240,7079.968053784396,5918.62
8940,8940,5929.392364882573,6347.08
9932,9932,8298.072335654637,6804.95
7342,7342,10627.417569655343,9749.39
9832,9832,11340.714010485623,10920.73
8466,8466,5790.183772167773,5297.97
8756,8756,6610.5992844093125,7674.12
7958,7958,5863.682151966961,5344.62
1250,1250,3883.0023451898596,3393.95
3143,3143,5874.154747582215,5769.84
7430,7430,8344.670728149475,9200.0
59,59,8403.999481973646,8216.22
7855,7855,11060.946901558666,12611.46
1113,1113,6744.568940323545,5095.22
3057,3057,4117.681266321917,4324.88
9569,9569,4004.110465919657,3973.77
1328,1328,5344.767121108831,6129.93
4995,4995,8447.100477689353,7486.96
6682,6682,10131.943871059862,12515.14
2072,2072,14009.181548392167,13804.24
4793,4793,7172.502891407756,11466.0
6829,6829,12230.806403414346,10501.99
9629,9629,6037.420128271799,6757.61
8218,8218,11193.427267480933,10872.93
7567,7567,9616.351686292095,9523.85
5922,5922,7629.412821575359,7566.53
1550,1550,7991.925657489453,6041.93
1009,1009,6130.380297576485,8110.24
3755,3755,11650.779365729424,10960.81
8681,8681,8209.479698874056,8203.62
9342,9342,4683.337547933916,3437.75
8009,8009,7136.58403177507,6833.98
3860,3860,3885.3119850608055,2550.69
3148,3148,8476.785081205016,9059.93
2519,2519,3476.6519937217818,2875.69
3127,3127,6017.128399348352,4901.25
9084,9084,6122.987454149639,5000.61
5316,5316,8046.177640763926,9087.11
1195,1195,2673.154815464688,1467.79
9050,9050,4171.004301139445,5248.58
879,879,5320.674870607443,6803.85
6989,6989,5333.252738712472,4925.32
2487,2487,4230.2928049988695,2571.95
2840,2840,4600.142420761986,4861.33
4329,4329,7853.025443585415,6917.27
2930,2930,5593.7870381824905,6486.87
6424,6424,3175.7196900150157,3703.41
2485,2485,8127.776719203568,8933.06
5747,5747,9894.278991403175,9619.16
883,883,8802.496755762491,8026.08
4914,4914,4117.661476416863,4589.05
6210,6210,7198.335290720919,8536.04
9578,9578,7021.789452197787,6726.85
211,211,5979.924075102666,5172.28
2275,2275,3598.0144287981093,2405.54
2328,2328,7948.404862775118,8622.54
4950,4950,4387.788230206643,8022.13
3319,3319,8063.788699342578,7577.62
9834,9834,7132.139275795256,7649.42
4607,4607,4800.888510347344,5051.77
1438,1438,9987.22077996604,11047.48
467,467,9658.272037233575,8148.13
5466,5466,2787.253983564442,1304.84
3329,3329,9948.775301427173,10573.51
5828,5828,8546.80886398151,7823.83
8607,8607,3370.7264660444926,5755.91
696,696,4796.342779715778,6757.5
7267,7267,6374.030585569446,5384.19
9144,9144,3305.5148433243157,3367.73
8180,8180,4575.700123348797,3815.49
9938,9938,2797.356526856427,3571.9
1314,1314,11430.390847393079,11186.37
2301,2301,6058.280995622685,8616.73
2039,2039,7837.885036446794,7878.81
7108,7108,3456.1151928041945,3479.97
3666,3666,9640.4297064977,9681.29
914,914,8838.588820084988,7574.93
12,12,6653.097588408913,5543.9
8583,8583,4172.634028575616,4319.88
6427,6427,11346.838303741592,12526.76
1536,1536,7589.755400607304,8254.82
736,736,5300.154705799359,6861.54
8201,8201,7220.716374342737,5647.2
8652,8652,7229.023809940147,7049.39
453,453,4038.8239690466435,4271.3
4345,4345,7428.7602478967165,7536.53
927,927,11650.470050357166,12022.62
6291,6291,7820.102503147791,10122.85
8281,8281,6259.800359718618,6688.61
8722,8722,6031.810517156904,4463.7
6473,6473,5414.3646239323425,7015.75
37,37,12631.86608126579,12256.44
5770,5770,7717.322706696112,5395.66
2554,2554,7255.874202910927,5944.26
7632,7632,4276.828093919437,3947.33
9998,9998,7501.070209030877,7413.59
6620,6620,10537.230216053897,12541.09
940,940,6225.267661018239,4461.24
7398,7398,6745.79341657972,7155.24
6128,6128,8112.456522242341,6597.97
9829,9829,7038.883551764826,7972.17
2680,2680,6306.251932663494,5995.83
4354,4354,9050.068402027653,11237.28
3058,3058,7700.414539577032,7824.6
7880,7880,10673.66715705872,10337.36
738,738,7353.62251762161,7649.48
538,538,5928.642739551491,5854.69
3325,3325,8916.472131500544,8814.54
4239,4239,11206.90415419906,9048.38
1400,1400,8974.550631832448,11247.95
4046,4046,11592.32410468813,13498.43
5137,5137,7044.426980599936,6403.98
4229,4229,7758.465476688463,5175.28
4191,4191,6361.30596016522,5881.86
9142,9142,5094.440782786696,6983.6
5538,5538,7300.985334406432,6290.82
2692,2692,6066.105537620315,6323.06
5340,5340,11735.703791853914,10616.94
9917,9917,6063.311537849775,4628.14
7670,7670,9309.210134485678,9798.95
9173,9173,5975.151135406049,6072.9
1807,1807,7597.388504400791,6822.74
5111,5111,8391.961175083881,9099.52
3989,3989,10389.903716923203,11936.76
3455,3455,9718.334923035756,12139.37
2907,2907,3723.367979923147,4015.95
6651,6651,12079.631113680312,12037.65
8287,8287,8699.545493563579,8000.56
6244,6244,7772.025229959283,9543.55
2697,2697,5376.748007596645,4953.33
4016,4016,11043.728024905024,10136.9
4339,4339,5958.16783677286,7553.26
4645,4645,4554.455643533496,3101.63
7739,7739,6506.552619592752,5760.37
7091,7091,5767.919386719877,5122.36
4692,4692,7098.393528764253,7717.2
1739,1739,4066.3965764698805,5155.58
5406,5406,8191.9917807868915,7307.93
4588,4588,6268.102628104272,5862.61
3125,3125,5073.987662520551,4027.25
2157,2157,4758.123471663974,4953.84
5333,5333,3093.0701383160194,3652.07
8636,8636,4661.213438615436,4367.67
1825,1825,5599.5839079672005,4782.84
4230,4230,11368.22570464213,11341.19
3487,3487,7440.279327640135,8248.26
9053,9053,6758.206296823861,4845.36
9768,9768,12812.175318271096,11215.39
3647,3647,6698.144132076879,5479.95
5902,5902,10609.686264332617,8242.27
6385,6385,3972.9751136442064,3638.44
5638,5638,11426.19424211292,9338.84
6423,6423,5358.030398093455,4963.8
7826,7826,5436.325429933146,4098.47
7743,7743,9178.817453719501,11263.25
3012,3012,7406.024682556628,8103.97
7671,7671,13022.194684622169,13726.01
9548,9548,5385.647776512662,4005.65
9977,9977,5309.680753360095,3641.46
3080,3080,11718.5630362425,11493.63
3520,3520,6896.322317504033,6261.52
4978,4978,3845.8803696841933,2686.66
7619,7619,9673.985927299713,9545.63
4347,4347,7522.273020745139,8457.81
8440,8440,10041.365257093858,9500.25
1346,1346,8755.915502189018,10243.41
7087,7087,8804.19727988413,10168.99
8947,8947,9211.072193052969,9661.18
5651,5651,6402.780265222711,5480.2
8081,8081,12708.09483649605,15021.62
1791,1791,10820.72792089323,10373.17
7428,7428,5446.858205496101,5654.36
9579,9579,11778.29524628917,10558.32
9959,9959,4664.6037210698705,3635.38
2270,2270,10651.841358174337,8815.68
9766,9766,5695.811294109561,4804.06
2955,2955,7040.223272158881,6695.4
3443,3443,6934.341602890112,6511.73
7735,7735,3547.354626381013,4136.27
833,833,7751.099170743255,7403.05
6498,6498,6415.127459762909,6475.49
2991,2991,5826.078171474859,6064.17
7792,7792,7437.118845353427,7238.09
2150,2150,10670.102566348389,10511.0
4022,4022,6507.193676225084,4841.46
7614,7614,11139.93444543879,12458.86
6123,6123,10887.653846335015,10798.37
3338,3338,6872.5155171137885,9335.1
4343,4343,9594.139441407868,6975.37
4463,4463,5613.049322834995,5569.78
2375,2375,7968.258394220029,6864.45
9043,9043,4517.422395920963,3717.68
5570,5570,8243.095172373636,6932.68
8598,8598,2963.8628987352713,2076.56
8503,8503,7755.50832320482,12194.16
8879,8879,6201.339880565007,6476.4
1886,1886,5818.854953957663,5650.43
1197,1197,11378.095811783627,11168.2
6426,6426,10946.467196962913,11236.34
8910,8910,6947.50738767616,6779.39
2935,2935,7928.740857559256,9441.2
6341,6341,9048.520038606483,9008.41
1429,1429,8558.077552392613,7202.13
6306,6306,6693.587653602706,7605.14
3649,3649,9026.245635682542,9301.1
1937,1937,6677.354410975007,8225.99
5171,5171,6637.266266849823,8034.92
7763,7763,5420.811095620622,5018.25
6392,6392,11503.223584243678,11484.22
1153,1153,5951.325089850172,7090.62
6249,6249,10760.199202254473,10647.02
7036,7036,6181.00603162928,5199.19
4228,4228,6471.806289921922,6709.86
4974,4974,6829.256484356301,5869.34
6400,6400,9651.657196457032,9674.51
3639,3639,7004.347699268896,7218.55
3971,3971,1715.5419980175793,1440.58
9593,9593,6264.742883397499,6471.14
3375,3375,8529.740496439685,7721.47
2486,2486,6936.989363174303,9584.82
6953,6953,7939.928716807859,10642.45
605,605,7564.22669775883,10218.3
7443,7443,9530.8307769784,7917.48
5927,5927,7353.6668456794,6133.33
2453,2453,6804.296602412418,5966.81
3608,3608,11477.229072532675,13764.45
1483,1483,8982.724119913008,10746.4
4518,4518,4702.738250593946,4552.67
3037,3037,5783.967848629109,6084.83
9351,9351,9339.726056918851,9316.85
7691,7691,9782.943803139206,10345.52
4115,4115,5733.343802071991,6352.87
1426,1426,8441.891863130091,8093.83
496,496,12267.00788585865,12546.65
3352,3352,8664.601250754844,6600.88
8793,8793,3885.4512977022096,2626.17
758,758,6137.871282119653,7212.6
837,837,6637.247958245513,6006.35
4326,4326,7683.547888217203,11208.1
2127,2127,3461.0130978288944,2780.39
1022,1022,6437.118019291724,6793.84
8761,8761,9100.76649427088,9664.2
5613,5613,6198.599490610417,5567.27
5580,5580,9175.59580676019,7850.5
1057,1057,2853.395491303003,1952.58
9541,9541,9609.045105646248,10744.61
6855,6855,6617.084767194348,6064.23
7348,7348,5233.181376331428,5735.84
9044,9044,5416.223229975905,4729.1
2128,2128,4144.328482831421,6328.84
2766,2766,11300.58561639575,14299.33
2108,2108,4340.950729074713,3694.58
3616,3616,3413.2566118629766,3624.2
1544,1544,6968.059457467636,5973.91
6913,6913,6669.525841784896,6167.56
1718,1718,6207.49607880431,8211.62
7434,7434,4078.134379880852,5131.96
7364,7364,9256.726494207687,8721.55
6234,6234,6087.319084913353,9164.29
724,724,4349.392980256409,8559.75
6672,6672,5748.306064740929,7552.9
8028,8028,11383.238294963725,10426.68
5491,5491,7672.70691311179,6846.98
1127,1127,4966.193475085718,4459.11
2956,2956,6472.733299477259,7601.76
5155,5155,8088.047030136047,8772.84
4816,4816,3542.476511261426,4845.24
6201,6201,6033.379750075052,3815.02
6223,6223,6229.603354460502,8659.49
8685,8685,10681.378381894436,10157.64
7113,7113,2233.2661720252363,1000.0
5274,5274,10175.621560059662,10510.36
8535,8535,9436.199415378855,8600.77
3043,3043,7743.26981438091,8201.1
6911,6911,10437.96569431125,9149.28
149,149,8457.37165647652,7248.65
7573,7573,8328.55106909055,8931.25
4205,4205,5980.21069818025,7161.36
5492,5492,10197.697397644632,10615.74
2689,2689,6610.715252554975,6223.27
4220,4220,10318.237570866884,10338.15
9101,9101,6994.730287832266,6146.34
841,841,6635.561748482869,9645.62
8136,8136,6541.470693343319,7787.66
6437,6437,4504.885498835822,5106.9
9699,9699,11315.322708303516,10382.93
6199,6199,8726.03291339794,8285.54
2794,2794,3696.0939640036668,1799.81
7625,7625,8283.45053604833,7660.67
8474,8474,10530.151209030475,10982.86
7889,7889,9229.207152150979,8375.75
6607,6607,4635.71915971546,3748.27
9194,9194,6597.181249593617,9866.63
8247,8247,10056.68354207999,9236.3
1392,1392,4960.848602616461,4555.31
1921,1921,6934.962145609665,7661.81
7018,7018,4625.471442441689,3709.12
3621,3621,7364.026755312341,11238.85
4848,4848,5990.437132898078,8803.76
2291,2291,600.0536885160254,1000.0
2133,2133,8722.044433332048,7845.34
550,550,8951.213197848003,9797.62
1740,1740,4780.375475626672,5190.74
5289,5289,7936.282181105227,7437.58
1817,1817,6139.53453318082,5957.82
4698,4698,5047.085814141668,4270.02
5181,5181,10077.452234408876,14781.81
3018,3018,6133.106660477759,6048.27
17,17,5330.523275868909,6202.99
1770,1770,7214.175361009024,5153.92
1888,1888,4392.513675786147,3018.98
2152,2152,5029.250888873183,4961.69
1642,1642,7867.124784998188,9699.69
7846,7846,7043.848105981422,8081.63
4193,4193,5704.261396433809,4936.14
9432,9432,5823.508532232896,5393.4
8898,8898,7654.820356119308,7951.75
533,533,8016.720003880619,6709.15
132,132,10648.556365207944,9640.03
7722,7722,5662.921161931299,5059.93
8458,8458,8552.940805137681,5897.21
964,964,6717.773599279171,6255.85
8719,8719,10173.154211804504,10415.04
6412,6412,6649.346038598218,6626.06
8285,8285,5921.130346461607,5447.34
7853,7853,10549.045353334863,13146.23
1095,1095,6858.63120083377,11408.78
6929,6929,3664.730520293,4974.73
9254,9254,4888.13631006272,2548.14
1561,1561,5024.513971443404,4484.52
1670,1670,10174.082032506063,7653.16
6087,6087,6770.474849556631,7928.08
6669,6669,7579.849627696793,7719.89
5933,5933,9529.765376342111,10221.0
8829,8829,2546.0576869278448,2973.37
7945,7945,7195.360259307257,6592.94
3508,3508,6184.992851126066,3873.99
2002,2002,6268.099348893564,8796.02
5866,5866,6423.4883106916095,6679.05
168,168,8892.672709651175,10036.61
2588,2588,7699.348468786222,7796.68
5905,5905,10118.736543587991,9656.46
9529,9529,4434.159252321464,7565.05
6384,6384,11060.363999747613,12395.54
7824,7824,9031.707197352604,8599.13
9779,9779,9830.598578181816,9777.47
4629,4629,7773.600665714708,8012.02
8560,8560,2977.4250096564065,4301.64
9291,9291,8122.855541820638,7500.06
6874,6874,9376.227893452626,9286.26
6521,6521,4451.662463256507,4230.8
8979,8979,5320.966978204262,3452.75
6647,6647,2616.475288224523,2201.93
9825,9825,5871.969151478901,5252.38
210,210,11255.593134239607,11086.06
5278,5278,7068.732449012692,8278.88
1919,1919,8409.78520016803,8664.6
718,718,10417.838576427603,10547.4
4868,4868,10439.87532508868,13859.9
7834,7834,6539.813555028406,7089.06
1298,1298,10528.874655375083,12877.97
9193,9193,5818.998467370344,7014.63
4617,4617,2972.905259503401,3876.71
3128,3128,5721.0608538624365,7535.54
9795,9795,5797.082028617733,5402.94
3979,3979,9028.608819252462,9850.96
9924,9924,9547.97726851498,11179.88
8317,8317,5759.951932610129,8823.99
4393,4393,5476.915227958234,5341.17
1287,1287,10709.541335786518,9119.88
4355,4355,4041.2576257585897,5490.83
7013,7013,5362.121737859619,4603.21
3885,3885,10245.736305916915,8904.38
5749,5749,11092.504685863038,11494.76
9169,9169,9490.426633068768,8813.15
2407,2407,5784.773716806492,6120.95
2013,2013,5464.062582494575,3785.77
5153,5153,8439.853149741131,8834.12
8551,8551,8253.534468843252,6924.65
4376,4376,8902.250113555929,6829.39
8822,8822,2471.341021445929,4623.69
4273,4273,4671.997716226266,3620.8
5825,5825,4235.588403394446,4315.32
6699,6699,6934.077701741771,3822.75
7243,7243,4658.826320930268,5087.39
449,449,10209.572323389526,10472.18
2227,2227,10850.92159603996,13115.17
5756,5756,7837.860701536469,8697.45
810,810,7401.36234055151,6155.79
4180,4180,7477.287516334618,7308.37
9000,9000,11098.273447687854,10363.04
5438,5438,9884.221916188195,10963.36
7533,7533,4640.909046921763,5145.76
6369,6369,4701.803969959554,6669.09
8416,8416,7730.896693215298,8035.69
1477,1477,6126.071054262051,5935.56
1790,1790,4500.7589210224105,4922.44
2008,2008,5551.672688144201,5322.57
682,682,7002.782645885076,6972.52
2816,2816,8156.241215152491,8991.69
9431,9431,8247.902108297043,8631.44
3774,3774,8624.499025723198,8687.03
6495,6495,7850.236207278911,7549.81
8878,8878,8044.2483072199975,6722.92
7361,7361,8600.365552795993,7077.36
8366,8366,4244.493791217974,4061.52
7474,7474,9888.55551838706,9182.12
46,46,4998.7961461136,4548.99
30,30,4674.535716891754,7529.89
8250,8250,8921.432861767069,11579.68
6935,6935,3280.0118695484707,4335.2
1468,1468,6984.260071104276,6424.61
1665,1665,8432.910149221774,7869.52
1416,1416,9879.272137006687,9821.17
6480,6480,2875.92514513497,2079.83
4852,4852,7814.536130612076,6431.76
2470,2470,5787.831794041267,5222.36
4373,4373,7532.082214619906,6629.01
8524,8524,5639.754024011258,5599.61
429,429,4120.756700721395,3349.74
5244,5244,11024.17094577232,9014.02
2119,2119,4750.070972619462,5591.95
385,385,9194.073903878452,10473.18
1945,1945,6067.737024689792,5858.29
4224,4224,5808.998356056749,5271.97
473,473,6355.993992067,5890.38
2129,2129,8683.83706404263,7457.76
6556,6556,9047.553916153207,8422.9
6998,6998,9061.642785103351,8675.27
1055,1055,6058.157230187615,6499.04
3274,3274,6503.068785907351,6299.6
4961,4961,4548.826634335623,4164.04
5363,5363,4971.430742344179,5354.3
5816,5816,8267.62306241336,7482.14
811,811,5177.89021533198,4586.9
4573,4573,4503.997978999629,7980.56
6137,6137,9179.798476623138,7808.17
2388,2388,4412.4939741198905,2185.57
9648,9648,4802.726605430595,5315.46
6225,6225,8666.284157332731,8343.14
111,111,6442.61412192788,8842.66
8909,8909,5886.135866091237,5215.74
1745,1745,6645.850984468416,6165.03
7851,7851,6295.074279470602,5635.0
1452,1452,3613.502540199319,4800.32
319,319,10957.734176641388,11832.04
8593,8593,13178.641399156302,15464.0
3333,3333,6238.06269640004,9553.47
1922,1922,7050.537764615321,6387.56
5865,5865,5418.380745045957,5701.76
9528,9528,6413.641475908342,5904.6
3685,3685,9573.510313126259,8221.3
4275,4275,6937.350630530505,6229.87
4889,4889,5822.491726542648,6423.74
5225,5225,4013.8724320840556,2894.52
7472,7472,4873.51570411335,4055.8
3605,3605,10338.573080371658,9853.9
1052,1052,9519.648779070121,9614.94
4156,4156,5585.45576151344,5690.02
9676,9676,3020.5364868078614,7425.82
99,99,6007.354467494937,5115.91
7508,7508,8378.148106854118,6611.5
1456,1456,5882.843021982175,5370.89
7688,7688,8631.767361422884,8014.2
4004,4004,8028.273026573064,8776.46
6866,6866,13610.530013348092,11513.2
4509,4509,5699.724037710112,4464.78
3299,3299,8451.311187850079,7612.24
3799,3799,9027.649156732077,9503.48
4281,4281,7791.503063246957,7040.28
9051,9051,8877.27933142765,8559.41
6462,6462,9645.333347447508,9627.69
7912,7912,8458.351288170437,8404.78
1414,1414,5560.964324414905,4857.13
540,540,4225.456537248625,4465.5
5815,5815,11736.28254105727,12615.39
8199,8199,11912.834492326656,10365.62
3680,3680,7074.569772004499,7465.81
754,754,2629.362525554956,3035.91
4196,4196,6809.388327265624,6640.91
2650,2650,7859.322399529046,8627.57
4522,4522,6856.178424371348,7199.42
9519,9519,3038.9581647640443,2673.68
3118,3118,5670.024656206893,7418.55
3728,3728,6669.801340198785,6886.45
3886,3886,4960.526154824824,6323.72
7107,7107,8439.260562639567,9761.87
8068,8068,6887.278768768534,6381.64
7325,7325,6564.828614313854,7549.59
8483,8483,7055.618017618137,6856.49
8767,8767,8111.842903415207,8540.25
6500,6500,9460.613198347448,9748.4
8426,8426,13263.477420355717,12218.77
7963,7963,6297.194796860218,7227.12
601,601,2870.5805240716436,2494.51
9249,9249,5969.34574432415,5347.92
8919,8919,3054.5189126881887,3861.08
6814,6814,10029.292166805186,10279.73
5411,5411,9838.426288975868,11495.76
8747,8747,5745.862848153687,6961.5
5522,5522,5161.30380789662,5731.1
1044,1044,5848.447179208801,4436.27
7334,7334,8280.993935635779,7943.15
1557,1557,7575.246984064404,6362.36
3739,3739,4134.954650162545,4083.05
3522,3522,4184.098245547793,1000.0
180,180,5567.529918044282,9413.59
2115,2115,6480.92386934266,6577.6
1699,1699,9904.96893061098,10419.05
1379,1379,10646.762496381241,9494.49
7229,7229,4366.001544220257,3070.8
9143,9143,9594.962248001248,10048.09
618,618,6952.685803032189,6108.29
3181,3181,4788.948721394932,5286.05
9851,9851,4954.269499746559,5986.32
1600,1600,9316.397192395118,8011.55
5963,5963,5793.4678525468335,3640.91
1615,1615,9843.223650023108,10228.71
5920,5920,8560.639813093818,8770.58
9591,9591,7824.728912977094,6268.17
3891,3891,2860.1441512285965,2540.78
2083,2083,6533.828574413841,5789.45
4574,4574,5676.516329565318,3450.29
5594,5594,10915.85529055848,8918.66
5121,5121,5671.897810069029,6391.32
4587,4587,6767.779748410743,7163.07
4902,4902,8686.734644568642,9888.81
8252,8252,9746.1211883559,8905.15
5916,5916,5172.215498576756,5731.96
5129,5129,5731.375094912888,5202.42
8334,8334,8234.61981357861,5836.2
1918,1918,1096.265657609969,1009.34
8330,8330,7407.214644773281,6884.18
5707,5707,10453.016649549128,11375.61
5384,5384,10454.237301855173,11588.06
6336,6336,3304.9083545846515,3125.03
2054,2054,5600.323303268524,6574.51
7612,7612,3958.7991085159592,3593.48
9209,9209,4805.411833044549,6191.58
3963,3963,11222.548759090598,12462.37
1126,1126,5541.588923105737,8734.46
3428,3428,7453.8195574128185,6692.75
4601,4601,4068.6569003395853,2366.58
3721,3721,7726.076122060593,7648.56
2389,2389,8333.436652842036,9181.89
1322,1322,8725.892233520804,9082.53
1603,1603,4211.232454987185,6013.45
7224,7224,8137.518539878714,9265.86
7425,7425,6810.583277425554,5235.43
4336,4336,4675.690934899845,4893.7
5593,5593,7253.875790387276,6245.57
4411,4411,7634.933726034069,8242.38
5858,5858,5220.748126118677,6448.17
9343,9343,8681.440063514223,7473.26
3991,3991,5809.600350691762,5822.65
6079,6079,6196.215972396021,6630.22
1559,1559,2400.9393591776025,1047.22
4682,4682,8149.413710176945,6854.72
7557,7557,6431.425717939914,4980.83
3772,3772,6307.005381944706,8282.11
8779,8779,8927.303813137522,12041.79
3457,3457,5691.652936727973,7470.92
8383,8383,10945.219651590916,10486.1
1354,1354,6565.027724392188,7682.65
45,45,6341.584587300196,6564.08
9872,9872,8746.334669108852,11605.71
748,748,9798.592435223167,9945.05
7917,7917,7456.585206790769,6544.11
4241,4241,9602.567396176746,7945.98
5628,5628,6782.901631438872,6087.03
4657,4657,8597.355525767955,8415.92
4238,4238,6456.40678099863,6863.72
3460,3460,9497.891352773004,9106.21
7381,7381,11827.501666916243,12785.84
5549,5549,8850.935227453127,8300.5
7075,7075,2202.6466177206603,1252.48
5838,5838,8979.390205719974,8680.88
8091,8091,8830.841863363341,9632.28
5474,5474,11272.21975244931,10571.59
3614,3614,6787.733012686891,6058.82
7501,7501,7418.472379146842,6961.02
7053,7053,6912.621021356259,4953.37
7367,7367,9477.059111194685,8334.23
8019,8019,4394.544538032438,3576.26
9638,9638,7142.648258234665,6866.39
9055,9055,7824.658463809174,7402.04
664,664,7507.886762921407,6113.58
2319,2319,4649.70404416247,2882.17
3542,3542,9765.794753447059,8298.59
3677,3677,5607.601348232769,4927.17
9599,9599,6084.206946166814,4724.37
3091,3091,8449.555887181952,8047.11
675,675,7279.641995156824,5724.11
8676,8676,4186.977948143787,8670.97
4884,4884,6630.105671331985,4340.67
8079,8079,7216.745748232759,7112.24
1962,1962,5542.925070955651,3345.71
1840,1840,7025.176658683922,7595.99
7168,7168,3970.475923570164,4708.65
9898,9898,6978.022194279532,7076.5
3538,3538,4177.0973595666,4930.1
8026,8026,3650.107278360927,3833.81
4866,4866,7174.171501572884,5550.34
4174,4174,12585.969910076004,10769.82
8088,8088,2524.928451250482,1806.04
4377,4377,5493.3159181138035,6530.55
6211,6211,6103.476564149139,5651.31
4766,4766,11867.234976691427,12526.81
411,411,4438.390664974635,6663.51
613,613,5372.265228197502,8367.16
6126,6126,2700.312345425773,1476.34
5210,5210,8217.837689340697,5795.82
1430,1430,8456.774583667924,8698.36
2425,2425,6739.683695116488,6320.39
8841,8841,10469.519654665492,13702.55
3833,3833,3627.0122591509717,4431.66
4718,4718,6980.527515053342,6625.64
7185,7185,5753.586214994313,4062.09
1417,1417,6479.386950845248,5739.75
7199,7199,5583.515009972383,5242.29
604,604,6241.559779522475,5452.02
1272,1272,5915.344251446135,6394.09
3964,3964,5197.315908055985,4857.55
6367,6367,13097.793337257637,14033.14
8746,8746,6467.080577935616,6877.53
247,247,8102.979587440437,9225.02
9226,9226,3943.472038562817,1354.02
1982,1982,10138.882260456914,8692.12
2835,2835,4492.075915635447,4048.04
5375,5375,14208.389477659657,14662.83
199,199,5697.870102087152,5736.05
485,485,5007.09792066057,1776.4
6083,6083,6442.655790028919,4951.58
8956,8956,5112.325544821739,4101.09
455,455,9251.224655646365,7147.77
9798,9798,9053.163602358196,8337.64
8826,8826,4999.262678983796,5510.52
6515,6515,9771.44200842292,8614.18
1721,1721,7435.319240601675,8684.48
7050,7050,11388.432131535374,10638.7
6382,6382,7201.450011597131,5354.51
8165,8165,8010.4715767659945,8205.46
5767,5767,12223.517290347547,12470.64
5809,5809,5741.114082052547,5512.02
4626,4626,3780.803538574197,4621.17
862,862,5822.845597404579,4450.45
2094,2094,6530.477300103637,6192.32
947,947,9809.801601577317,12379.61
5641,5641,13083.722076878126,13143.16
1444,1444,5398.605711464421,4405.18
1280,1280,2604.513671976805,5423.49
3110,3110,9260.424180059345,9686.76
8952,8952,13217.786274437793,12248.12
7609,7609,7624.0919637565385,7618.9
5135,5135,8425.975065962062,8165.16
3016,3016,10264.702835338365,11546.07
2302,2302,8610.51617026882,7917.07
2004,2004,6861.656649077428,11235.35
4580,4580,1598.6204680444207,1819.34
8704,8704,10417.145774006203,9642.93
1005,1005,9775.89796689368,11253.83
5138,5138,6576.08446363901,6479.83
4317,4317,4521.716241993883,7018.94
6558,6558,4655.637302962015,4145.74
4387,4387,10569.349021020811,9761.74
2132,2132,5282.2655666772625,4961.01
4265,4265,7216.268985332688,8243.68
2057,2057,7623.742613925773,7021.39
5386,5386,6409.831861367391,7314.74
229,229,4137.686748988926,3210.27
2889,2889,8596.91645762953,8064.13
4472,4472,9027.964208029443,11083.48
6064,6064,8815.493977190927,8830.51
7924,7924,8985.421677773295,8465.42
7649,7649,8688.301660828118,8221.03
8381,8381,5687.301597590733,3781.96
209,209,8531.649582477694,6659.85
2758,2758,4128.730560910888,3529.03
8471,8471,6854.411526437791,7277.71
2948,2948,6650.2611994821345,12164.75
7116,7116,7011.931690303609,5803.86
6330,6330,6922.290456914401,6114.94
1728,1728,9921.560137410066,10351.43
4176,4176,6437.733397752047,7177.49
337,337,10466.451347400958,8797.33
4984,4984,5899.848959056893,6941.39
6878,6878,6041.698412137455,5817.61
7248,7248,6161.238645947888,6193.9
8452,8452,7092.508280980983,8118.74
1226,1226,6042.177087012562,5350.16
7608,7608,5329.325171913253,4775.96
6827,6827,5768.281324230658,8268.93
3540,3540,10565.433446837182,9705.79
5868,5868,10764.637031389284,10633.41
2111,2111,5645.315785424667,4903.81
2691,2691,3913.9302933062427,2771.36
7153,7153,4220.184552708233,6662.04
3707,3707,6918.611962375289,6820.24
1017,1017,5852.471073637891,6493.67
8511,8511,6999.982733873476,6041.83
2807,2807,5331.778469141049,4474.44
5015,5015,9302.568801438436,10361.93
1928,1928,9848.715928709134,10133.39
350,350,5831.113477165927,6245.4
5173,5173,13974.909597044578,17647.63
4192,4192,11581.009074802976,9904.26
1934,1934,4495.093512736494,9438.92
6901,6901,3513.0788510832936,2056.71
4823,4823,11642.328545087075,14768.59
564,564,13200.05305714003,15533.48
1582,1582,4693.432443325815,5390.62
4694,4694,8151.33494117239,8671.19
2175,2175,13367.216478532646,12495.79
7028,7028,7723.99779353739,6291.46
4880,4880,3626.2949934515054,2483.38
2228,2228,6665.817201895756,6439.06
1115,1115,8786.106547042727,9386.48
3126,3126,6485.3026732116705,5827.55
3544,3544,10300.245479000965,9893.44
5048,5048,4955.992617098731,5437.37
7476,7476,6061.1628615997615,5934.74
821,821,4223.658692130062,2976.33
6532,6532,10597.539591986511,11242.39
2272,2272,10831.374076782493,10795.58
5545,5545,5278.4625345318345,5490.59
81,81,4982.793176255538,5888.31
1323,1323,5482.066349453176,7057.25
9405,9405,8811.007373841712,5947.32
1614,1614,11220.799397590104,10036.8
831,831,6424.99138530402,5983.25
3883,3883,5578.17297103873,4831.23
8641,8641,8684.542463117163,6892.92
4464,4464,5989.083574030374,5937.05
5339,5339,5811.989604831266,5326.14
8066,8066,10388.675416716898,10953.44
1649,1649,7816.127532322484,6500.45
4065,4065,10111.395625218516,14649.14
9665,9665,7814.747804396437,4838.85
3038,3038,3031.556773113436,2208.89
3320,3320,12758.028600510617,12947.16
7143,7143,4169.281387029681,3854.96
6889,6889,7015.60703104717,8032.19
5092,5092,7229.618701414322,8354.52
3720,3720,6660.851405858644,5285.5
2423,2423,8264.297984087956,10123.68
749,749,5544.313437196368,3169.18
5271,5271,6838.406198929355,9768.45
2373,2373,4978.908343061921,3151.3
4693,4693,6126.759490946541,5995.04
9879,9879,3652.0633257023874,4358.54
8370,8370,11891.724501814984,12604.7
7319,7319,9601.743740160367,9545.81
4368,4368,5296.792504378187,4616.11
6785,6785,8730.81961374107,10715.86
7401,7401,6188.571217483899,4257.12
1139,1139,2931.1375781020615,2334.15
7631,7631,5875.964734705631,4829.57
2231,2231,6130.660834834387,4693.73
2164,2164,10248.782732032996,10121.29
5217,5217,4645.129711732385,6190.74
9444,9444,10828.692017965077,14025.82
9237,9237,5182.034922481398,5511.45
4561,4561,5050.398002480506,6222.17
1570,1570,10405.18343375076,9232.11
172,172,6844.497318454902,5109.32
7163,7163,7435.030412215565,7756.84
2087,2087,11590.820509310463,12627.67
4667,4667,6237.268390163954,7034.57
4565,4565,5238.782020473911,3960.17
7089,7089,5523.913073457137,4346.4
6569,6569,5866.164403625007,8388.93
4783,4783,5088.415097559162,5544.32
2684,2684,8708.682395977201,8806.32
1832,1832,7156.899499968917,7875.21
8546,8546,7079.317437276884,9896.78
5065,5065,9587.897740632994,8770.88
9130,9130,8964.594109567988,9048.0
9355,9355,9304.988948909799,8992.99
4412,4412,4810.0715509926085,2761.38
7207,7207,6711.509269374132,7307.05
9890,9890,9137.028767519223,10345.53
834,834,6415.039778845443,6926.71
6821,6821,6543.978003919357,4545.06
3781,3781,11362.313351577439,10065.14
9012,9012,6806.272071235464,6866.86
7499,7499,6153.873464805598,5634.61
3424,3424,8595.805768184538,6809.43
65,65,8965.316566453257,8248.22
2963,2963,6509.360206431069,9561.56
5669,5669,7190.87385920051,6003.95
8962,8962,6902.286811132333,8167.05
354,354,6971.865068790095,6329.7
8171,8171,3091.2065174025483,2723.89
4030,4030,4704.151732313854,4542.48
8534,8534,11677.721667315403,9943.53
3651,3651,12328.000504337426,12693.93
6739,6739,3794.692397122388,2653.79
3297,3297,3705.2987065290217,5857.53
4127,4127,10671.02465112484,10448.82
8043,8043,5929.913378013356,5313.46
4767,4767,6218.662780912127,5446.65
472,472,11329.189146653574,9685.95
3761,3761,5515.842089492537,4714.14
8617,8617,5937.56578082568,5088.99
3566,3566,4926.720164681552,2223.6
2760,2760,2203.2588423854904,5180.67
868,868,4376.018318569928,4619.71
9382,9382,6238.744547736365,5616.17
8688,8688,11064.551769160258,9896.8
4052,4052,5893.723477833613,7158.29
6130,6130,4950.735829294601,6476.95
3244,3244,11075.00075092027,9909.91
4842,4842,7389.119489964796,6414.46
9330,9330,4773.392315233708,4263.49
5640,5640,8370.38452628674,9084.01
5780,5780,5490.919902310357,5857.07
8540,8540,2267.8429446404916,4352.43
1075,1075,5705.597989958886,6540.23
2957,2957,11785.483225759119,12901.65
6752,6752,7677.377181349671,5875.71
8657,8657,6797.421645247261,6845.69
7272,7272,11125.773669994029,10082.27
4759,4759,9939.325259691163,8861.61
4862,4862,10805.394340106635,10583.01
7025,7025,12857.199705410632,12109.85
7647,7647,6854.94043887459,5754.57
7161,7161,5405.850254040561,4314.51
73,73,5463.421795221628,5113.9
